Workbook

Sheet 说明
A1: 六模型 × 三提示条件 × 每单元9张：162张结果填写模板
A3: 固定设计参数 | B3: 数值/规则 | D3: 模型代码 | E3: 模型名称 | F3: 每模型样本
A4: 模型数 | B4: 6 | D4: M1 | E4: ChatGPT Images 2.0 | F4: 27
A5: 提示条件数 | B5: 3 | D5: M2 | E5: gemini-3.1-flash-image | F5: 27
A6: 每“模型—提示词”单元 | B6: 9 | D6: M3 | E6: MAI-Image-2.5-Pro | F6: 27
A7: 总样本 | B7: 162 | D7: M4 | E7: Reve 2.1 | F7: 27
A8: 每模型 | B8: 27 | D8: M5 | E8: Seedream 5.0 Lite | F8: 27
A9: 每提示条件 | B9: 54 | D9: M6 | E9: HunyuanImage-3.0 | F9: 27
A10: 预测试 | B10: 18
A11: 留一模型分析 | B11: 6次；每次剔除27张、保留135张
A12: Bootstrap分层单元 | B12: 18
A13: 稳定判据 | B13: πj≥0.60 且六次留一模型至少5次入选
A16: 指标 | B16: 含义 | D16: 颜色说明 | E16: 用途
A17: f1 | B17: 屋顶、佛塔与比例 | D17: 黄色单元格 | E17: 需要人工录入/粘贴真实结果
A18: f2 | B18: 城墙与门楼 | D18: 绿色单元格 | E18: 由表内公式自动计算
A19: f3 | B19: 衣袍领型 | D19: 0/1/2/NA | E19: 原子指标编码；NA=对象未出现
A20: f4 | B20: 腰带配件 | D20: 总体Y | E20: 0=无明显失真；1=局部/可疑；2=明确/系统性失真
A21: f5 | B21: 头饰须发 | D21: 注意 | E21: 复杂统计（Bootstrap、Kappa、CART）建议由R/Python输出后粘贴到黄色单元格。
A22: f6 | B22: 书籍家具
A23: f7 | B23: 饮食贸易器皿
A24: f8 | B24: 兵器铠甲
A25: f9 | B25: 马匹马具车辆
A26: f10 | B26: 具体身份可辨识度
A27: f11 | B27: 族群标签化
A28: f12 | B28: 社会身份与互动
A29: f13 | B29: 位置遮挡
A30: f14 | B30: 景深透视方向
A31: f15 | B31: 线条笔触
A32: f16 | B32: 色彩材质
A33: f17 | B33: 形体文字结构幻觉
A34: f18 | B34: 提示词遵循度

Sheet 样本清单
A1: ImageID | B1: 模型代码 | C1: 模型名称 | D1: 提示条件 | E1: 提示名称 | F1: 重复序号 | G1: 建议文件名 | H1: 生成日期 | I1: 生成状态 | J1: 失败/拒绝原因 | K1: 备注
A2: M1_P1_01 | B2: M1 | C2: ChatGPT Images 2.0 | D2: P1 | E2: 低约束基线 | F2: 1 | G2: M1_P1_01.png
A3: M1_P1_02 | B3: M1 | C3: ChatGPT Images 2.0 | D3: P1 | E3: 低约束基线 | F3: 2 | G3: M1_P1_02.png
A4: M1_P1_03 | B4: M1 | C4: ChatGPT Images 2.0 | D4: P1 | E4: 低约束基线 | F4: 3 | G4: M1_P1_03.png
A5: M1_P1_04 | B5: M1 | C5: ChatGPT Images 2.0 | D5: P1 | E5: 低约束基线 | F5: 4 | G5: M1_P1_04.png
A6: M1_P1_05 | B6: M1 | C6: ChatGPT Images 2.0 | D6: P1 | E6: 低约束基线 | F6: 5 | G6: M1_P1_05.png
A7: M1_P1_06 | B7: M1 | C7: ChatGPT Images 2.0 | D7: P1 | E7: 低约束基线 | F7: 6 | G7: M1_P1_06.png
A8: M1_P1_07 | B8: M1 | C8: ChatGPT Images 2.0 | D8: P1 | E8: 低约束基线 | F8: 7 | G8: M1_P1_07.png
A9: M1_P1_08 | B9: M1 | C9: ChatGPT Images 2.0 | D9: P1 | E9: 低约束基线 | F9: 8 | G9: M1_P1_08.png
A10: M1_P1_09 | B10: M1 | C10: ChatGPT Images 2.0 | D10: P1 | E10: 低约束基线 | F10: 9 | G10: M1_P1_09.png
A11: M1_P2_01 | B11: M1 | C11: ChatGPT Images 2.0 | D11: P2 | E11: 考据约束 | F11: 1 | G11: M1_P2_01.png
A12: M1_P2_02 | B12: M1 | C12: ChatGPT Images 2.0 | D12: P2 | E12: 考据约束 | F12: 2 | G12: M1_P2_02.png
A13: M1_P2_03 | B13: M1 | C13: ChatGPT Images 2.0 | D13: P2 | E13: 考据约束 | F13: 3 | G13: M1_P2_03.png
... A163: M6_P3_09 | B163: M6 | C163: HunyuanImage-3.0 | D163: P3 | E163: 负向关系框架 | F163: 9 | G163: M6_P3_09.png

Sheet 编码员A
A1: ImageID | B1: 模型代码 | C1: 模型名称 | D1: 提示条件 | E1: 重复序号 | F1: 总体Y | G1: f1 | H1: f2 | I1: f3 | J1: f4 | K1: f5 | L1: f6 | M1: f7 | N1: f8 | O1: f9 | P1: f10 | Q1: f11 | R1: f12 | S1: f13 | T1: f14 | U1: f15 | V1: f16 | W1: f17 | X1: f18 | Y1: 编码备注
A2: ==样本清单!A2 -> M1_P1_01 | B2: ==样本清单!B2 -> M1 | C2: ==样本清单!C2 -> ChatGPT Images 2.0 | D2: ==样本清单!D2 -> P1 | E2: ==样本清单!F2 -> 1 | F2: 0 | G2: 0 | H2: 1 | I2: 0 | J2: 2 | K2: 0 | L2: 1 | M2: 1 | N2: NA | O2: 1 | P2: 0 | Q2: 0 | R2: 0 | S2: 2 | T2: 2 | U2: 0 | V2: 0 | W2: 1 | X2: 1
A3: ==样本清单!A3 -> M1_P1_02 | B3: ==样本清单!B3 -> M1 | C3: ==样本清单!C3 -> ChatGPT Images 2.0 | D3: ==样本清单!D3 -> P1 | E3: ==样本清单!F3 -> 2 | F3: 0 | G3: 1 | H3: 0 | I3: 0 | J3: 2 | K3: 0 | L3: 2 | M3: 2 | N3: NA | O3: 0 | P3: 0 | Q3: 0 | R3: 0 | S3: 1 | T3: 0 | U3: 1 | V3: 0 | W3: 0 | X3: 1
A4: ==样本清单!A4 -> M1_P1_03 | B4: ==样本清单!B4 -> M1 | C4: ==样本清单!C4 -> ChatGPT Images 2.0 | D4: ==样本清单!D4 -> P1 | E4: ==样本清单!F4 -> 3 | F4: 1 | G4: 1 | H4: 2 | I4: 0 | J4: 2 | K4: 0 | L4: 2 | M4: 2 | N4: NA | O4: 2 | P4: 0 | Q4: 1 | R4: 0 | S4: 1 | T4: 2 | U4: 0 | V4: 1 | W4: 1 | X4: 1
A5: ==样本清单!A5 -> M1_P1_04 | B5: ==样本清单!B5 -> M1 | C5: ==样本清单!C5 -> ChatGPT Images 2.0 | D5: ==样本清单!D5 -> P1 | E5: ==样本清单!F5 -> 4 | F5: 0 | G5: 0 | H5: 0 | I5: 0 | J5: 2 | K5: 0 | L5: 1 | M5: 1 | N5: NA | O5: 0 | P5: 0 | Q5: 0 | R5: 0 | S5: 2 | T5: 1 | U5: 1 | V5: 1 | W5: 1 | X5: 1
A6: ==样本清单!A6 -> M1_P1_05 | B6: ==样本清单!B6 -> M1 | C6: ==样本清单!C6 -> ChatGPT Images 2.0 | D6: ==样本清单!D6 -> P1 | E6: ==样本清单!F6 -> 5 | F6: 0 | G6: 0 | H6: 0 | I6: 0 | J6: 2 | K6: 0 | L6: 1 | M6: 1 | N6: 0 | O6: 2 | P6: 0 | Q6: 0 | R6: 0 | S6: 2 | T6: 1 | U6: 0 | V6: 1 | W6: 2 | X6: 1
A7: ==样本清单!A7 -> M1_P1_06 | B7: ==样本清单!B7 -> M1 | C7: ==样本清单!C7 -> ChatGPT Images 2.0 | D7: ==样本清单!D7 -> P1 | E7: ==样本清单!F7 -> 6 | F7: 0 | G7: 0 | H7: 0 | I7: 0 | J7: 1 | K7: 0 | L7: 0 | M7: 2 | N7: NA | O7: 1 | P7: 0 | Q7: 0 | R7: 0 | S7: 1 | T7: 0 | U7: 0 | V7: 1 | W7: 0 | X7: 0
A8: ==样本清单!A8 -> M1_P1_07 | B8: ==样本清单!B8 -> M1 | C8: ==样本清单!C8 -> ChatGPT Images 2.0 | D8: ==样本清单!D8 -> P1 | E8: ==样本清单!F8 -> 7 | F8: 1 | G8: 2 | H8: 1 | I8: 1 | J8: 1 | K8: 0 | L8: 2 | M8: 1 | N8: NA | O8: 0 | P8: 0 | Q8: 0 | R8: 0 | S8: 0 | T8: 1 | U8: 1 | V8: 1 | W8: 2 | X8: 1
A9: ==样本清单!A9 -> M1_P1_08 | B9: ==样本清单!B9 -> M1 | C9: ==样本清单!C9 -> ChatGPT Images 2.0 | D9: ==样本清单!D9 -> P1 | E9: ==样本清单!F9 -> 8 | F9: 1 | G9: 0 | H9: 1 | I9: 0 | J9: 2 | K9: 0 | L9: 2 | M9: 2 | N9: 2 | O9: 2 | P9: 0 | Q9: 0 | R9: 0 | S9: 2 | T9: 1 | U9: 1 | V9: 1 | W9: 2 | X9: 1
A10: ==样本清单!A10 -> M1_P1_09 | B10: ==样本清单!B10 -> M1 | C10: ==样本清单!C10 -> ChatGPT Images 2.0 | D10: ==样本清单!D10 -> P1 | E10: ==样本清单!F10 -> 9 | F10: 0 | G10: 2 | H10: 2 | I10: 0 | J10: 2 | K10: 0 | L10: 1 | M10: 0 | N10: 0 | O10: 2 | P10: 0 | Q10: 0 | R10: 0 | S10: 2 | T10: 1 | U10: 1 | V10: 2 | W10: 1 | X10: 1
A11: ==样本清单!A11 -> M1_P2_01 | B11: ==样本清单!B11 -> M1 | C11: ==样本清单!C11 -> ChatGPT Images 2.0 | D11: ==样本清单!D11 -> P2 | E11: ==样本清单!F11 -> 1 | F11: 1 | G11: 0 | H11: 0 | I11: 0 | J11: 2 | K11: 0 | L11: 2 | M11: 2 | N11: NA | O11: 2 | P11: 0 | Q11: 0 | R11: 0 | S11: 2 | T11: 1 | U11: 2 | V11: 1 | W11: 2 | X11: 1
A12: ==样本清单!A12 -> M1_P2_02 | B12: ==样本清单!B12 -> M1 | C12: ==样本清单!C12 -> ChatGPT Images 2.0 | D12: ==样本清单!D12 -> P2 | E12: ==样本清单!F12 -> 2 | F12: 1 | G12: 0 | H12: 1 | I12: 0 | J12: 0 | K12: 1 | L12: 2 | M12: 1 | N12: NA | O12: 2 | P12: 0 | Q12: 0 | R12: 0 | S12: 2 | T12: 1 | U12: 2 | V12: 2 | W12: 2 | X12: 2
A13: ==样本清单!A13 -> M1_P2_03 | B13: ==样本清单!B13 -> M1 | C13: ==样本清单!C13 -> ChatGPT Images 2.0 | D13: ==样本清单!D13 -> P2 | E13: ==样本清单!F13 -> 3 | F13: 1 | G13: 0 | H13: 1 | I13: 1 | J13: 1 | K13: 0 | L13: 2 | M13: 2 | N13: NA | O13: 2 | P13: 0 | Q13: 0 | R13: 0 | S13: 2 | T13: 1 | U13: 2 | V13: 1 | W13: 2 | X13: 1
A14: ==样本清单!A14 -> M1_P2_04 | B14: ==样本清单!B14 -> M1 | C14: ==样本清单!C14 -> ChatGPT Images 2.0 | D14: ==样本清单!D14 -> P2 | E14: ==样本清单!F14 -> 4 | F14: 1 | G14: 2 | H14: 1 | I14: 1 | J14: 2 | K14: 2 | L14: 2 | M14: 2 | N14: 2 | O14: 2 | P14: 0 | Q14: 0 | R14: 0 | S14: 2 | T14: 1 | U14: 1 | V14: 1 | W14: 2 | X14: 1
A15: ==样本清单!A15 -> M1_P2_05 | B15: ==样本清单!B15 -> M1 | C15: ==样本清单!C15 -> ChatGPT Images 2.0 | D15: ==样本清单!D15 -> P2 | E15: ==样本清单!F15 -> 5 | F15: 2 | G15: 1 | H15: 2 | I15: 0 | J15: 1 | K15: 1 | L15: 2 | M15: 2 | N15: NA | O15: 2 | P15: 0 | Q15: 0 | R15: 0 | S15: 2 | T15: 1 | U15: 1 | V15: 1 | W15: 2 | X15: 2
A16: ==样本清单!A16 -> M1_P2_06 | B16: ==样本清单!B16 -> M1 | C16: ==样本清单!C16 -> ChatGPT Images 2.0 | D16: ==样本清单!D16 -> P2 | E16: ==样本清单!F16 -> 6 | F16: 1 | G16: 0 | H16: 0 | I16: 0 | J16: 2 | K16: 0 | L16: 1 | M16: 2 | N16: 2 | O16: 2 | P16: 0 | Q16: 0 | R16: 0 | S16: 1 | T16: 1 | U16: 1 | V16: 1 | W16: 2 | X16: 1
A17: ==样本清单!A17 -> M1_P2_07 | B17: ==样本清单!B17 -> M1 | C17: ==样本清单!C17 -> ChatGPT Images 2.0 | D17: ==样本清单!D17 -> P2 | E17: ==样本清单!F17 -> 7 | F17: 1 | G17: 0 | H17: 0 | I17: 0 | J17: 2 | K17: 2 | L17: 2 | M17: 2 | N17: 2 | O17: 2 | P17: 0 | Q17: 0 | R17: 0 | S17: 2 | T17: 1 | U17: 2 | V17: 1 | W17: 2 | X17: 1
A18: ==样本清单!A18 -> M1_P2_08 | B18: ==样本清单!B18 -> M1 | C18: ==样本清单!C18 -> ChatGPT Images 2.0 | D18: ==样本清单!D18 -> P2 | E18: ==样本清单!F18 -> 8 | F18: 2 | G18: 0 | H18: 2 | I18: 0 | J18: 0 | K18: 1 | L18: 1 | M18: 2 | N18: NA | O18: 2 | P18: 0 | Q18: 0 | R18: 0 | S18: 2 | T18: 2 | U18: 1 | V18: 1 | W18: 2 | X18: 2
A19: ==样本清单!A19 -> M1_P2_09 | B19: ==样本清单!B19 -> M1 | C19: ==样本清单!C19 -> ChatGPT Images 2.0 | D19: ==样本清单!D19 -> P2 | E19: ==样本清单!F19 -> 9 | F19: 1 | G19: 1 | H19: 1 | I19: 1 | J19: 2 | K19: 0 | L19: 2 | M19: 2 | N19: NA | O19: 2 | P19: 0 | Q19: 0 | R19: 0 | S19: 2 | T19: 2 | U19: 1 | V19: 1 | W19: 2 | X19: 2
A20: ==样本清单!A20 -> M1_P3_01 | B20: ==样本清单!B20 -> M1 | C20: ==样本清单!C20 -> ChatGPT Images 2.0 | D20: ==样本清单!D20 -> P3 | E20: ==样本清单!F20 -> 1 | F20: 0 | G20: 1 | H20: 1 | I20: 1 | J20: 1 | K20: 1 | L20: 2 | M20: 2 | N20: 1 | O20: 2 | P20: 0 | Q20: 0 | R20: 0 | S20: 2 | T20: 1 | U20: 2 | V20: 1 | W20: 2 | X20: 1
A21: ==样本清单!A21 -> M1_P3_02 | B21: ==样本清单!B21 -> M1 | C21: ==样本清单!C21 -> ChatGPT Images 2.0 | D21: ==样本清单!D21 -> P3 | E21: ==样本清单!F21 -> 2 | F21: 1 | G21: 1 | H21: 2 | I21: 1 | J21: 2 | K21: 2 | L21: 2 | M21: 2 | N21: 1 | O21: 2 | P21: 0 | Q21: 0 | R21: 0 | S21: 2 | T21: 1 | U21: 1 | V21: 1 | W21: 2 | X21: 1
A22: ==样本清单!A22 -> M1_P3_03 | B22: ==样本清单!B22 -> M1 | C22: ==样本清单!C22 -> ChatGPT Images 2.0 | D22: ==样本清单!D22 -> P3 | E22: ==样本清单!F22 -> 3 | F22: 1 | G22: 2 | H22: 2 | I22: 1 | J22: 2 | K22: 0 | L22: 2 | M22: 2 | N22: 1 | O22: 2 | P22: 0 | Q22: 0 | R22: 0 | S22: 2 | T22: 1 | U22: 2 | V22: 1 | W22: 2 | X22: 1
A23: ==样本清单!A23 -> M1_P3_04 | B23: ==样本清单!B23 -> M1 | C23: ==样本清单!C23 -> ChatGPT Images 2.0 | D23: ==样本清单!D23 -> P3 | E23: ==样本清单!F23 -> 4 | F23: 2 | G23: 2 | H23: 2 | I23: 1 | J23: 2 | K23: 1 | L23: 2 | M23: 2 | N23: 1 | O23: 2 | P23: 0 | Q23: 0 | R23: 0 | S23: 2 | T23: 2 | U23: 1 | V23: 1 | W23: 2 | X23: 1
A24: ==样本清单!A24 -> M1_P3_05 | B24: ==样本清单!B24 -> M1 | C24: ==样本清单!C24 -> ChatGPT Images 2.0 | D24: ==样本清单!D24 -> P3 | E24: ==样本清单!F24 -> 5 | F24: 1 | G24: 1 | H24: 2 | I24: 2 | J24: 2 | K24: 2 | L24: 2 | M24: 2 | N24: 0 | O24: 1 | P24: 0 | Q24: 0 | R24: 1 | S24: 2 | T24: 2 | U24: 2 | V24: 1 | W24: 2 | X24: 1
A25: ==样本清单!A25 -> M1_P3_06 | B25: ==样本清单!B25 -> M1 | C25: ==样本清单!C25 -> ChatGPT Images 2.0 | D25: ==样本清单!D25 -> P3 | E25: ==样本清单!F25 -> 6 | F25: 2 | G25: 2 | H25: 2 | I25: 1 | J25: 1 | K25: 1 | L25: 2 | M25: 2 | N25: 1 | O25: 2 | P25: 0 | Q25: 0 | R25: 0 | S25: 2 | T25: 2 | U25: 1 | V25: 2 | W25: 2 | X25: 2
A26: ==样本清单!A26 -> M1_P3_07 | B26: ==样本清单!B26 -> M1 | C26: ==样本清单!C26 -> ChatGPT Images 2.0 | D26: ==样本清单!D26 -> P3 | E26: ==样本清单!F26 -> 7 | F26: 1 | G26: 2 | H26: 2 | I26: 1 | J26: 1 | K26: 0 | L26: 1 | M26: 2 | N26: 0 | O26: 2 | P26: 0 | Q26: 0 | R26: 0 | S26: 1 | T26: 1 | U26: 2 | V26: 1 | W26: 2 | X26: 1
A27: ==样本清单!A27 -> M1_P3_08 | B27: ==样本清单!B27 -> M1 | C27: ==样本清单!C27 -> ChatGPT Images 2.0 | D27: ==样本清单!D27 -> P3 | E27: ==样本清单!F27 -> 8 | F27: 1 | G27: 1 | H27: 2 | I27: 1 | J27: 2 | K27: 2 | L27: 2 | M27: 2 | N27: 2 | O27: 2 | P27: 0 | Q27: 0 | R27: 0 | S27: 2 | T27: 1 | U27: 2 | V27: 1 | W27: 2 | X27: 2
A28: ==样本清单!A28 -> M1_P3_09 | B28: ==样本清单!B28 -> M1 | C28: ==样本清单!C28 -> ChatGPT Images 2.0 | D28: ==样本清单!D28 -> P3 | E28: ==样本清单!F28 -> 9 | F28: 2 | G28: 2 | H28: 2 | I28: 1 | J28: 2 | K28: 0 | L28: 2 | M28: 2 | N28: 0 | O28: 2 | P28: 0 | Q28: 0 | R28: 0 | S28: 2 | T28: 1 | U28: 1 | V28: 1 | W28: 2 | X28: 2
A29: ==样本清单!A29 -> M2_P1_01 | B29: ==样本清单!B29 -> M2 | C29: ==样本清单!C29 -> gemini-3.1-flash-image | D29: ==样本清单!D29 -> P1 | E29: ==样本清单!F29 -> 1 | F29: 1 | G29: 0 | H29: 1 | I29: 0 | J29: 1 | K29: 0 | L29: 1 | M29: 0 | N29: 0 | O29: 0 | P29: 0 | Q29: 0 | R29: 0 | S29: 0 | T29: 0 | U29: 0 | V29: 1 | W29: 0 | X29: 0
A30: ==样本清单!A30 -> M2_P1_02 | B30: ==样本清单!B30 -> M2 | C30: ==样本清单!C30 -> gemini-3.1-flash-image | D30: ==样本清单!D30 -> P1 | E30: ==样本清单!F30 -> 2 | F30: 1 | G30: 0 | H30: 2 | I30: 1 | J30: 0 | K30: 0 | L30: 0 | M30: 1 | N30: 0 | O30: 0 | P30: 0 | Q30: 0 | R30: 0 | S30: 0 | T30: 1 | U30: 0 | V30: 2 | W30: 1 | X30: 1
A31: ==样本清单!A31 -> M2_P1_03 | B31: ==样本清单!B31 -> M2 | C31: ==样本清单!C31 -> gemini-3.1-flash-image | D31: ==样本清单!D31 -> P1 | E31: ==样本清单!F31 -> 3 | F31: 2 | G31: 0 | H31: 1 | I31: 0 | J31: 1 | K31: 1 | L31: 2 | M31: 1 | N31: NA | O31: 1 | P31: 0 | Q31: 0 | R31: 0 | S31: 1 | T31: 0 | U31: 0 | V31: 1 | W31: 1 | X31: 1
A32: ==样本清单!A32 -> M2_P1_04 | B32: ==样本清单!B32 -> M2 | C32: ==样本清单!C32 -> gemini-3.1-flash-image | D32: ==样本清单!D32 -> P1 | E32: ==样本清单!F32 -> 4 | F32: 2 | G32: 2 | H32: 2 | I32: 0 | J32: 0 | K32: 0 | L32: 2 | M32: 0 | N32: 1 | O32: 0 | P32: 0 | Q32: 0 | R32: 0 | S32: 1 | T32: 0 | U32: 1 | V32: 1 | W32: 2 | X32: 2
A33: ==样本清单!A33 -> M2_P1_05 | B33: ==样本清单!B33 -> M2 | C33: ==样本清单!C33 -> gemini-3.1-flash-image | D33: ==样本清单!D33 -> P1 | E33: ==样本清单!F33 -> 5 | F33: 1 | G33: 1 | H33: 2 | I33: 0 | J33: 2 | K33: 0 | L33: 1 | M33: 2 | N33: 1 | O33: 1 | P33: 0 | Q33: 0 | R33: 0 | S33: 0 | T33: 0 | U33: 0 | V33: 1 | W33: 1 | X33: 2
A34: ==样本清单!A34 -> M2_P1_06 | B34: ==样本清单!B34 -> M2 | C34: ==样本清单!C34 -> gemini-3.1-flash-image | D34: ==样本清单!D34 -> P1 | E34: ==样本清单!F34 -> 6 | F34: 1 | G34: 0 | H34: 2 | I34: 0 | J34: 2 | K34: 0 | L34: 0 | M34: 0 | N34: NA | O34: 1 | P34: 0 | Q34: 0 | R34: 0 | S34: 0 | T34: 0 | U34: 1 | V34: 1 | W34: 2 | X34: 1
A35: ==样本清单!A35 -> M2_P1_07 | B35: ==样本清单!B35 -> M2 | C35: ==样本清单!C35 -> gemini-3.1-flash-image | D35: ==样本清单!D35 -> P1 | E35: ==样本清单!F35 -> 7 | F35: 2 | G35: 2 | H35: 1 | I35: 1 | J35: 2 | K35: 0 | L35: 0 | M35: 0 | N35: NA | O35: 0 | P35: 0 | Q35: 0 | R35: 0 | S35: 0 | T35: 1 | U35: 1 | V35: 1 | W35: 2 | X35: 1
A36: ==样本清单!A36 -> M2_P1_08 | B36: ==样本清单!B36 -> M2 | C36: ==样本清单!C36 -> gemini-3.1-flash-image | D36: ==样本清单!D36 -> P1 | E36: ==样本清单!F36 -> 8 | F36: 2 | G36: 0 | H36: 1 | I36: 1 | J36: 2 | K36: 0 | L36: 1 | M36: 1 | N36: 1 | O36: 1 | P36: 0 | Q36: 0 | R36: 0 | S36: 0 | T36: 1 | U36: 0 | V36: 1 | W36: 1 | X36: 1
A37: ==样本清单!A37 -> M2_P1_09 | B37: ==样本清单!B37 -> M2 | C37: ==样本清单!C37 -> gemini-3.1-flash-image | D37: ==样本清单!D37 -> P1 | E37: ==样本清单!F37 -> 9 | F37: 1 | G37: 2 | H37: 2 | I37: 1 | J37: 2 | K37: 0 | L37: 2 | M37: 1 | N37: NA | O37: 0 | P37: 0 | Q37: 0 | R37: 0 | S37: 1 | T37: 0 | U37: 0 | V37: 1 | W37: 2 | X37: 2
A38: ==样本清单!A38 -> M2_P2_01 | B38: ==样本清单!B38 -> M2 | C38: ==样本清单!C38 -> gemini-3.1-flash-image | D38: ==样本清单!D38 -> P2 | E38: ==样本清单!F38 -> 1 | F38: 1 | G38: 0 | H38: 2 | I38: 1 | J38: 2 | K38: 0 | L38: 1 | M38: 2 | N38: NA | O38: 2 | P38: 0 | Q38: 0 | R38: 0 | S38: 2 | T38: 1 | U38: 1 | V38: 1 | W38: 1 | X38: 2
A39: ==样本清单!A39 -> M2_P2_02 | B39: ==样本清单!B39 -> M2 | C39: ==样本清单!C39 -> gemini-3.1-flash-image | D39: ==样本清单!D39 -> P2 | E39: ==样本清单!F39 -> 2 | F39: 2 | G39: 1 | H39: 2 | I39: 1 | J39: 0 | K39: 1 | L39: 1 | M39: 2 | N39: 1 | O39: 1 | P39: 0 | Q39: 1 | R39: 0 | S39: 2 | T39: 2 | U39: 1 | V39: 1 | W39: 2 | X39: 1
A40: ==样本清单!A40 -> M2_P2_03 | B40: ==样本清单!B40 -> M2 | C40: ==样本清单!C40 -> gemini-3.1-flash-image | D40: ==样本清单!D40 -> P2 | E40: ==样本清单!F40 -> 3 | F40: 1 | G40: 1 | H40: 1 | I40: 1 | J40: 0 | K40: 0 | L40: 2 | M40: 2 | N40: 0 | O40: 1 | P40: 0 | Q40: 0 | R40: 0 | S40: 2 | T40: 1 | U40: 1 | V40: 1 | W40: 2 | X40: 1
A41: ==样本清单!A41 -> M2_P2_04 | B41: ==样本清单!B41 -> M2 | C41: ==样本清单!C41 -> gemini-3.1-flash-image | D41: ==样本清单!D41 -> P2 | E41: ==样本清单!F41 -> 4 | F41: 1 | G41: 1 | H41: 2 | I41: 2 | J41: 1 | K41: 0 | L41: 2 | M41: 1 | N41: NA | O41: 1 | P41: 0 | Q41: 0 | R41: 0 | S41: 2 | T41: 1 | U41: 2 | V41: 1 | W41: 2 | X41: 1
A42: ==样本清单!A42 -> M2_P2_05 | B42: ==样本清单!B42 -> M2 | C42: ==样本清单!C42 -> gemini-3.1-flash-image | D42: ==样本清单!D42 -> P2 | E42: ==样本清单!F42 -> 5 | F42: 2 | G42: 0 | H42: 1 | I42: 1 | J42: 2 | K42: 0 | L42: 1 | M42: 2 | N42: NA | O42: 2 | P42: 0 | Q42: 0 | R42: 0 | S42: 2 | T42: 2 | U42: 1 | V42: 1 | W42: 2 | X42: 2
A43: ==样本清单!A43 -> M2_P2_06 | B43: ==样本清单!B43 -> M2 | C43: ==样本清单!C43 -> gemini-3.1-flash-image | D43: ==样本清单!D43 -> P2 | E43: ==样本清单!F43 -> 6 | F43: 2 | G43: 1 | H43: 1 | I43: 1 | J43: 1 | K43: 1 | L43: 2 | M43: 2 | N43: NA | O43: 2 | P43: 0 | Q43: 0 | R43: 1 | S43: 1 | T43: 1 | U43: 2 | V43: 1 | W43: 2 | X43: 2
A44: ==样本清单!A44 -> M2_P2_07 | B44: ==样本清单!B44 -> M2 | C44: ==样本清单!C44 -> gemini-3.1-flash-image | D44: ==样本清单!D44 -> P2 | E44: ==样本清单!F44 -> 7 | F44: 2 | G44: 2 | H44: 2 | I44: 1 | J44: 0 | K44: 0 | L44: 1 | M44: 2 | N44: 0 | O44: 1 | P44: 0 | Q44: 0 | R44: 0 | S44: 1 | T44: 0 | U44: 0 | V44: 1 | W44: 2 | X44: 2
A45: ==样本清单!A45 -> M2_P2_08 | B45: ==样本清单!B45 -> M2 | C45: ==样本清单!C45 -> gemini-3.1-flash-image | D45: ==样本清单!D45 -> P2 | E45: ==样本清单!F45 -> 8 | F45: 2 | G45: 1 | H45: 2 | I45: 1 | J45: 0 | K45: 0 | L45: 2 | M45: 2 | N45: NA | O45: 2 | P45: 0 | Q45: 0 | R45: 0 | S45: 2 | T45: 1 | U45: 1 | V45: 1 | W45: 2 | X45: 2
A46: ==样本清单!A46 -> M2_P2_09 | B46: ==样本清单!B46 -> M2 | C46: ==样本清单!C46 -> gemini-3.1-flash-image | D46: ==样本清单!D46 -> P2 | E46: ==样本清单!F46 -> 9 | F46: 2 | G46: 0 | H46: 1 | I46: 1 | J46: 1 | K46: 0 | L46: 0 | M46: 2 | N46: 1 | O46: 2 | P46: 0 | Q46: 0 | R46: 0 | S46: 2 | T46: 1 | U46: 1 | V46: 1 | W46: 2 | X46: 2
A47: ==样本清单!A47 -> M2_P3_01 | B47: ==样本清单!B47 -> M2 | C47: ==样本清单!C47 -> gemini-3.1-flash-image | D47: ==样本清单!D47 -> P3 | E47: ==样本清单!F47 -> 1 | F47: 2 | G47: 2 | H47: 1 | I47: 2 | J47: 1 | K47: 0 | L47: 2 | M47: 2 | N47: 2 | O47: 1 | P47: 0 | Q47: 0 | R47: 0 | S47: 2 | T47: 1 | U47: 1 | V47: 1 | W47: 2 | X47: 1
A48: ==样本清单!A48 -> M2_P3_02 | B48: ==样本清单!B48 -> M2 | C48: ==样本清单!C48 -> gemini-3.1-flash-image | D48: ==样本清单!D48 -> P3 | E48: ==样本清单!F48 -> 2 | F48: 2 | G48: 1 | H48: 2 | I48: 1 | J48: 1 | K48: 0 | L48: 1 | M48: 2 | N48: 0 | O48: 0 | P48: 0 | Q48: 0 | R48: 1 | S48: 2 | T48: 1 | U48: 0 | V48: 2 | W48: 1 | X48: 1
A49: ==样本清单!A49 -> M2_P3_03 | B49: ==样本清单!B49 -> M2 | C49: ==样本清单!C49 -> gemini-3.1-flash-image | D49: ==样本清单!D49 -> P3 | E49: ==样本清单!F49 -> 3 | F49: 1 | G49: 1 | H49: 2 | I49: 1 | J49: 0 | K49: 1 | L49: 2 | M49: 1 | N49: 1 | O49: 2 | P49: 0 | Q49: 1 | R49: 0 | S49: 1 | T49: 1 | U49: 0 | V49: 1 | W49: 2 | X49: 1
A50: ==样本清单!A50 -> M2_P3_04 | B50: ==样本清单!B50 -> M2 | C50: ==样本清单!C50 -> gemini-3.1-flash-image | D50: ==样本清单!D50 -> P3 | E50: ==样本清单!F50 -> 4 | F50: 2 | G50: 1 | H50: 2 | I50: 1 | J50: 1 | K50: 0 | L50: 1 | M50: 1 | N50: 0 | O50: 1 | P50: 0 | Q50: 0 | R50: 0 | S50: 1 | T50: 1 | U50: 0 | V50: 1 | W50: 2 | X50: 1
A51: ==样本清单!A51 -> M2_P3_05 | B51: ==样本清单!B51 -> M2 | C51: ==样本清单!C51 -> gemini-3.1-flash-image | D51: ==样本清单!D51 -> P3 | E51: ==样本清单!F51 -> 5 | F51: 1 | G51: 1 | H51: 2 | I51: 0 | J51: 1 | K51: 0 | L51: 2 | M51: 1 | N51: 1 | O51: 2 | P51: 0 | Q51: 0 | R51: 0 | S51: 1 | T51: 1 | U51: 1 | V51: 1 | W51: 1 | X51: 1
A52: ==样本清单!A52 -> M2_P3_06 | B52: ==样本清单!B52 -> M2 | C52: ==样本清单!C52 -> gemini-3.1-flash-image | D52: ==样本清单!D52 -> P3 | E52: ==样本清单!F52 -> 6 | F52: 1 | G52: 1 | H52: 2 | I52: 1 | J52: 2 | K52: 1 | L52: 2 | M52: 2 | N52: 1 | O52: 2 | P52: 0 | Q52: 0 | R52: 0 | S52: 2 | T52: 1 | U52: 1 | V52: 2 | W52: 2 | X52: 1
A53: ==样本清单!A53 -> M2_P3_07 | B53: ==样本清单!B53 -> M2 | C53: ==样本清单!C53 -> gemini-3.1-flash-image | D53: ==样本清单!D53 -> P3 | E53: ==样本清单!F53 -> 7 | F53: 1 | G53: 1 | H53: 1 | I53: 2 | J53: 0 | K53: 2 | L53: 2 | M53: 2 | N53: 0 | O53: 1 | P53: 0 | Q53: 0 | R53: 2 | S53: 2 | T53: 1 | U53: 1 | V53: 1 | W53: 2 | X53: 1
A54: ==样本清单!A54 -> M2_P3_08 | B54: ==样本清单!B54 -> M2 | C54: ==样本清单!C54 -> gemini-3.1-flash-image | D54: ==样本清单!D54 -> P3 | E54: ==样本清单!F54 -> 8 | F54: 2 | G54: 2 | H54: 2 | I54: 1 | J54: 1 | K54: 0 | L54: 0 | M54: 1 | N54: 2 | O54: 2 | P54: 0 | Q54: 0 | R54: 1 | S54: 2 | T54: 2 | U54: 1 | V54: 2 | W54: 2 | X54: 1
A55: ==样本清单!A55 -> M2_P3_09 | B55: ==样本清单!B55 -> M2 | C55: ==样本清单!C55 -> gemini-3.1-flash-image | D55: ==样本清单!D55 -> P3 | E55: ==样本清单!F55 -> 9 | F55: 1 | G55: 1 | H55: 2 | I55: 1 | J55: 1 | K55: 2 | L55: 1 | M55: 2 | N55: 2 | O55: 0 | P55: 0 | Q55: 0 | R55: 1 | S55: 2 | T55: 1 | U55: 1 | V55: 1 | W55: 2 | X55: 1
A56: ==样本清单!A56 -> M3_P1_01 | B56: ==样本清单!B56 -> M3 | C56: ==样本清单!C56 -> MAI-Image-2.5-Pro | D56: ==样本清单!D56 -> P1 | E56: ==样本清单!F56 -> 1 | F56: 2 | G56: 1 | H56: 2 | I56: 1 | J56: 2 | K56: 2 | L56: 2 | M56: 1 | N56: NA | O56: 2 | P56: 0 | Q56: 0 | R56: 0 | S56: 2 | T56: 2 | U56: 1 | V56: 1 | W56: 1 | X56: 2
A57: ==样本清单!A57 -> M3_P1_02 | B57: ==样本清单!B57 -> M3 | C57: ==样本清单!C57 -> MAI-Image-2.5-Pro | D57: ==样本清单!D57 -> P1 | E57: ==样本清单!F57 -> 2 | F57: 2 | G57: 2 | H57: 2 | I57: 2 | J57: 1 | K57: 1 | L57: 2 | M57: 2 | N57: NA | O57: 2 | P57: 0 | Q57: 1 | R57: 0 | S57: 2 | T57: 2 | U57: 2 | V57: 1 | W57: 2 | X57: 2
A58: ==样本清单!A58 -> M3_P1_03 | B58: ==样本清单!B58 -> M3 | C58: ==样本清单!C58 -> MAI-Image-2.5-Pro | D58: ==样本清单!D58 -> P1 | E58: ==样本清单!F58 -> 3 | F58: 1 | G58: 2 | H58: 2 | I58: 0 | J58: 0 | K58: 2 | L58: 2 | M58: 1 | N58: NA | O58: 2 | P58: 0 | Q58: 0 | R58: 0 | S58: 2 | T58: 2 | U58: 1 | V58: 1 | W58: 2 | X58: 1
A59: ==样本清单!A59 -> M3_P1_04 | B59: ==样本清单!B59 -> M3 | C59: ==样本清单!C59 -> MAI-Image-2.5-Pro | D59: ==样本清单!D59 -> P1 | E59: ==样本清单!F59 -> 4 | F59: 1 | G59: 2 | H59: 2 | I59: 0 | J59: 1 | K59: 2 | L59: 1 | M59: 1 | N59: NA | O59: 2 | P59: 0 | Q59: 0 | R59: 0 | S59: 2 | T59: 2 | U59: 1 | V59: 1 | W59: 2 | X59: 1
A60: ==样本清单!A60 -> M3_P1_05 | B60: ==样本清单!B60 -> M3 | C60: ==样本清单!C60 -> MAI-Image-2.5-Pro | D60: ==样本清单!D60 -> P1 | E60: ==样本清单!F60 -> 5 | F60: 2 | G60: 1 | H60: 2 | I60: 1 | J60: 2 | K60: 2 | L60: 2 | M60: 2 | N60: NA | O60: 2 | P60: 1 | Q60: 0 | R60: 0 | S60: 2 | T60: 2 | U60: 1 | V60: 1 | W60: 2 | X60: 2
A61: ==样本清单!A61 -> M3_P1_06 | B61: ==样本清单!B61 -> M3 | C61: ==样本清单!C61 -> MAI-Image-2.5-Pro | D61: ==样本清单!D61 -> P1 | E61: ==样本清单!F61 -> 6 | F61: 2 | G61: 1 | H61: 2 | I61: 0 | J61: 1 | K61: 2 | L61: 0 | M61: 1 | N61: NA | O61: 2 | P61: 0 | Q61: 0 | R61: 0 | S61: 2 | T61: 2 | U61: 1 | V61: 1 | W61: 2 | X61: 2
A62: ==样本清单!A62 -> M3_P1_07 | B62: ==样本清单!B62 -> M3 | C62: ==样本清单!C62 -> MAI-Image-2.5-Pro | D62: ==样本清单!D62 -> P1 | E62: ==样本清单!F62 -> 7 | F62: 2 | G62: 2 | H62: 2 | I62: 1 | J62: 1 | K62: 2 | L62: 2 | M62: 2 | N62: NA | O62: 2 | P62: 0 | Q62: 0 | R62: 0 | S62: 2 | T62: 2 | U62: 1 | V62: 2 | W62: 2 | X62: 2
A63: ==样本清单!A63 -> M3_P1_08 | B63: ==样本清单!B63 -> M3 | C63: ==样本清单!C63 -> MAI-Image-2.5-Pro | D63: ==样本清单!D63 -> P1 | E63: ==样本清单!F63 -> 8 | F63: 1 | G63: 1 | H63: 2 | I63: 0 | J63: 2 | K63: 2 | L63: 2 | M63: 1 | N63: NA | O63: 2 | P63: 0 | Q63: 0 | R63: 0 | S63: 2 | T63: 2 | U63: 1 | V63: 2 | W63: 2 | X63: 2
A64: ==样本清单!A64 -> M3_P1_09 | B64: ==样本清单!B64 -> M3 | C64: ==样本清单!C64 -> MAI-Image-2.5-Pro | D64: ==样本清单!D64 -> P1 | E64: ==样本清单!F64 -> 9 | F64: 1 | G64: 2 | H64: 2 | I64: 1 | J64: 2 | K64: 2 | L64: 2 | M64: 2 | N64: NA | O64: 2 | P64: 0 | Q64: 0 | R64: 0 | S64: 2 | T64: 2 | U64: 1 | V64: 2 | W64: 2 | X64: 2
A65: ==样本清单!A65 -> M3_P2_01 | B65: ==样本清单!B65 -> M3 | C65: ==样本清单!C65 -> MAI-Image-2.5-Pro | D65: ==样本清单!D65 -> P2 | E65: ==样本清单!F65 -> 1 | F65: 2 | G65: 2 | H65: 2 | I65: 0 | J65: 1 | K65: 2 | L65: 2 | M65: 2 | N65: NA | O65: 2 | P65: 1 | Q65: 1 | R65: 0 | S65: 2 | T65: 2 | U65: 1 | V65: 2 | W65: 2 | X65: 2
A66: ==样本清单!A66 -> M3_P2_02 | B66: ==样本清单!B66 -> M3 | C66: ==样本清单!C66 -> MAI-Image-2.5-Pro | D66: ==样本清单!D66 -> P2 | E66: ==样本清单!F66 -> 2 | F66: 2 | G66: 0 | H66: 2 | I66: 1 | J66: 1 | K66: 2 | L66: 2 | M66: 1 | N66: NA | O66: 2 | P66: 0 | Q66: 0 | R66: 0 | S66: 2 | T66: 2 | U66: 2 | V66: 2 | W66: 2 | X66: 2
A67: ==样本清单!A67 -> M3_P2_03 | B67: ==样本清单!B67 -> M3 | C67: ==样本清单!C67 -> MAI-Image-2.5-Pro | D67: ==样本清单!D67 -> P2 | E67: ==样本清单!F67 -> 3 | F67: 2 | G67: 2 | H67: 2 | I67: 1 | J67: 0 | K67: 2 | L67: 2 | M67: 2 | N67: NA | O67: 2 | P67: 1 | Q67: 1 | R67: 0 | S67: 2 | T67: 2 | U67: 2 | V67: 2 | W67: 2 | X67: 2
... A73: ==样本清单!A73 -> M3_P2_09 | B73: ==样本清单!B73 -> M3 | C73: ==样本清单!C73 -> MAI-Image-2.5-Pro | D73: ==样本清单!D73 -> P2 | E73: ==样本清单!F73 -> 9 | F73: 2 | G73: 1 | H73: 2 | I73: 1 | J73: 2 | K73: 2 | L73: 2 | M73: 2 | N73: NA | O73: 2 | P73: 0 | Q73: 0 | R73: 0 | S73: 2 | T73: 1 | U73: 2 | V73: 2 | W73: 2 | X73: 2
A74: ==样本清单!A74 -> M3_P3_01 | B74: ==样本清单!B74 -> M3 | C74: ==样本清单!C74 -> MAI-Image-2.5-Pro | D74: ==样本清单!D74 -> P3 | E74: ==样本清单!F74 -> 1 | F74: 2 | G74: 1 | H74: 2 | I74: 2 | J74: 2 | K74: 2 | L74: 2 | M74: 2 | N74: 1 | O74: 2 | P74: 0 | Q74: 0 | R74: 1 | S74: 2 | T74: 2 | U74: 2 | V74: 2 | W74: 2 | X74: 2
A75: ==样本清单!A75 -> M3_P3_02 | B75: ==样本清单!B75 -> M3 | C75: ==样本清单!C75 -> MAI-Image-2.5-Pro | D75: ==样本清单!D75 -> P3 | E75: ==样本清单!F75 -> 2 | F75: 2 | G75: 1 | H75: 2 | I75: 1 | J75: 2 | K75: 2 | L75: 2 | M75: 2 | N75: 1 | O75: 2 | P75: 0 | Q75: 0 | R75: 0 | S75: 2 | T75: 2 | U75: 2 | V75: 2 | W75: 2 | X75: 2
A76: ==样本清单!A76 -> M3_P3_03 | B76: ==样本清单!B76 -> M3 | C76: ==样本清单!C76 -> MAI-Image-2.5-Pro | D76: ==样本清单!D76 -> P3 | E76: ==样本清单!F76 -> 3 | F76: 2 | G76: 1 | H76: 2 | I76: 1 | J76: 1 | K76: 2 | L76: 2 | M76: 2 | N76: 2 | O76: 2 | P76: 0 | Q76: 1 | R76: 1 | S76: 2 | T76: 2 | U76: 2 | V76: 2 | W76: 2 | X76: 2
A77: ==样本清单!A77 -> M3_P3_04 | B77: ==样本清单!B77 -> M3 | C77: ==样本清单!C77 -> MAI-Image-2.5-Pro | D77: ==样本清单!D77 -> P3 | E77: ==样本清单!F77 -> 4 | F77: 2 | G77: 1 | H77: 2 | I77: 1 | J77: 2 | K77: 2 | L77: 2 | M77: 2 | N77: 2 | O77: 2 | P77: 0 | Q77: 0 | R77: 2 | S77: 2 | T77: 2 | U77: 2 | V77: 2 | W77: 2 | X77: 2
A78: ==样本清单!A78 -> M3_P3_05 | B78: ==样本清单!B78 -> M3 | C78: ==样本清单!C78 -> MAI-Image-2.5-Pro | D78: ==样本清单!D78 -> P3 | E78: ==样本清单!F78 -> 5 | F78: 2 | G78: 1 | H78: 2 | I78: 1 | J78: 2 | K78: 2 | L78: 2 | M78: 2 | N78: 2 | O78: 1 | P78: 0 | Q78: 0 | R78: 0 | S78: 2 | T78: 1 | U78: 1 | V78: 1 | W78: 2 | X78: 2
A79: ==样本清单!A79 -> M3_P3_06 | B79: ==样本清单!B79 -> M3 | C79: ==样本清单!C79 -> MAI-Image-2.5-Pro | D79: ==样本清单!D79 -> P3 | E79: ==样本清单!F79 -> 6 | F79: 2 | G79: 2 | H79: 2 | I79: 2 | J79: 2 | K79: 2 | L79: 2 | M79: 2 | N79: 2 | O79: 2 | P79: 0 | Q79: 0 | R79: 2 | S79: 2 | T79: 2 | U79: 2 | V79: 2 | W79: 2 | X79: 2
A80: ==样本清单!A80 -> M3_P3_07 | B80: ==样本清单!B80 -> M3 | C80: ==样本清单!C80 -> MAI-Image-2.5-Pro | D80: ==样本清单!D80 -> P3 | E80: ==样本清单!F80 -> 7 | F80: 1 | G80: 1 | H80: 2 | I80: 2 | J80: 2 | K80: 2 | L80: NA | M80: 2 | N80: 2 | O80: 2 | P80: 0 | Q80: 0 | R80: 1 | S80: 2 | T80: 2 | U80: 2 | V80: 1 | W80: 2 | X80: 2
A81: ==样本清单!A81 -> M3_P3_08 | B81: ==样本清单!B81 -> M3 | C81: ==样本清单!C81 -> MAI-Image-2.5-Pro | D81: ==样本清单!D81 -> P3 | E81: ==样本清单!F81 -> 8 | F81: 2 | G81: 2 | H81: 2 | I81: 2 | J81: 2 | K81: 2 | L81: 2 | M81: 2 | N81: 1 | O81: 2 | P81: 1 | Q81: 1 | R81: 2 | S81: 2 | T81: 2 | U81: 2 | V81: 2 | W81: 2 | X81: 2
A82: ==样本清单!A82 -> M3_P3_09 | B82: ==样本清单!B82 -> M3 | C82: ==样本清单!C82 -> MAI-Image-2.5-Pro | D82: ==样本清单!D82 -> P3 | E82: ==样本清单!F82 -> 9 | F82: 2 | G82: 2 | H82: 2 | I82: 1 | J82: 1 | K82: 2 | L82: 2 | M82: 2 | N82: 2 | O82: 2 | P82: 0 | Q82: 0 | R82: 2 | S82: 2 | T82: 1 | U82: 2 | V82: 2 | W82: 2 | X82: 2
A83: ==样本清单!A83 -> M4_P1_01 | B83: ==样本清单!B83 -> M4 | C83: ==样本清单!C83 -> Reve 2.1 | D83: ==样本清单!D83 -> P1 | E83: ==样本清单!F83 -> 1 | F83: 0 | G83: 0 | H83: 1 | I83: 0 | J83: 0 | K83: 2 | L83: 1 | M83: 1 | N83: NA | O83: 0 | P83: 0 | Q83: 0 | R83: 0 | S83: 0 | T83: 0 | U83: 0 | V83: 0 | W83: 1 | X83: 1
A84: ==样本清单!A84 -> M4_P1_02 | B84: ==样本清单!B84 -> M4 | C84: ==样本清单!C84 -> Reve 2.1 | D84: ==样本清单!D84 -> P1 | E84: ==样本清单!F84 -> 2 | F84: 1 | G84: 0 | H84: 1 | I84: 0 | J84: 0 | K84: 2 | L84: 1 | M84: 1 | N84: 0 | O84: 0 | P84: 0 | Q84: 0 | R84: 0 | S84: 0 | T84: 0 | U84: 1 | V84: 1 | W84: 0 | X84: 1
A85: ==样本清单!A85 -> M4_P1_03 | B85: ==样本清单!B85 -> M4 | C85: ==样本清单!C85 -> Reve 2.1 | D85: ==样本清单!D85 -> P1 | E85: ==样本清单!F85 -> 3 | F85: 1 | G85: 0 | H85: 1 | I85: 1 | J85: 1 | K85: 2 | L85: 1 | M85: 1 | N85: 2 | O85: 0 | P85: 0 | Q85: 0 | R85: 0 | S85: 1 | T85: 0 | U85: 1 | V85: 1 | W85: 2 | X85: 1
A86: ==样本清单!A86 -> M4_P1_04 | B86: ==样本清单!B86 -> M4 | C86: ==样本清单!C86 -> Reve 2.1 | D86: ==样本清单!D86 -> P1 | E86: ==样本清单!F86 -> 4 | F86: 1 | G86: 0 | H86: 1 | I86: 1 | J86: 2 | K86: 2 | L86: 2 | M86: 2 | N86: 1 | O86: 1 | P86: 0 | Q86: 0 | R86: 0 | S86: 1 | T86: 1 | U86: 1 | V86: 1 | W86: 2 | X86: 1
A87: ==样本清单!A87 -> M4_P1_05 | B87: ==样本清单!B87 -> M4 | C87: ==样本清单!C87 -> Reve 2.1 | D87: ==样本清单!D87 -> P1 | E87: ==样本清单!F87 -> 5 | F87: 1 | G87: 0 | H87: 0 | I87: 1 | J87: 1 | K87: 1 | L87: NA | M87: 2 | N87: 2 | O87: 2 | P87: 0 | Q87: 0 | R87: 0 | S87: 2 | T87: 1 | U87: 2 | V87: 1 | W87: 2 | X87: 1
A88: ==样本清单!A88 -> M4_P1_06 | B88: ==样本清单!B88 -> M4 | C88: ==样本清单!C88 -> Reve 2.1 | D88: ==样本清单!D88 -> P1 | E88: ==样本清单!F88 -> 6 | F88: 1 | G88: 0 | H88: 1 | I88: 0 | J88: 1 | K88: 2 | L88: 1 | M88: 2 | N88: 2 | O88: 1 | P88: 0 | Q88: 0 | R88: 0 | S88: 2 | T88: 1 | U88: 1 | V88: 1 | W88: 1 | X88: 2
A89: ==样本清单!A89 -> M4_P1_07 | B89: ==样本清单!B89 -> M4 | C89: ==样本清单!C89 -> Reve 2.1 | D89: ==样本清单!D89 -> P1 | E89: ==样本清单!F89 -> 7 | F89: 0 | G89: 0 | H89: 1 | I89: 2 | J89: 2 | K89: 2 | L89: 1 | M89: 2 | N89: NA | O89: 1 | P89: 0 | Q89: 1 | R89: 0 | S89: 1 | T89: 1 | U89: 1 | V89: 1 | W89: 1 | X89: 1
A90: ==样本清单!A90 -> M4_P1_08 | B90: ==样本清单!B90 -> M4 | C90: ==样本清单!C90 -> Reve 2.1 | D90: ==样本清单!D90 -> P1 | E90: ==样本清单!F90 -> 8 | F90: 2 | G90: 0 | H90: 1 | I90: 0 | J90: 1 | K90: 2 | L90: 1 | M90: 1 | N90: NA | O90: 0 | P90: 0 | Q90: 0 | R90: 0 | S90: 1 | T90: 1 | U90: 1 | V90: 1 | W90: 2 | X90: 1
A91: ==样本清单!A91 -> M4_P1_09 | B91: ==样本清单!B91 -> M4 | C91: ==样本清单!C91 -> Reve 2.1 | D91: ==样本清单!D91 -> P1 | E91: ==样本清单!F91 -> 9 | F91: 2 | G91: 1 | H91: 2 | I91: 1 | J91: 1 | K91: 2 | L91: 1 | M91: 1 | N91: NA | O91: 1 | P91: 0 | Q91: 0 | R91: 0 | S91: 1 | T91: 2 | U91: 1 | V91: 1 | W91: 1 | X91: 1
A92: ==样本清单!A92 -> M4_P2_01 | B92: ==样本清单!B92 -> M4 | C92: ==样本清单!C92 -> Reve 2.1 | D92: ==样本清单!D92 -> P2 | E92: ==样本清单!F92 -> 1 | F92: 1 | G92: 0 | H92: 1 | I92: 1 | J92: 2 | K92: 2 | L92: 2 | M92: 2 | N92: NA | O92: 2 | P92: 0 | Q92: 0 | R92: 0 | S92: 2 | T92: 1 | U92: 1 | V92: 1 | W92: 2 | X92: 1
A93: ==样本清单!A93 -> M4_P2_02 | B93: ==样本清单!B93 -> M4 | C93: ==样本清单!C93 -> Reve 2.1 | D93: ==样本清单!D93 -> P2 | E93: ==样本清单!F93 -> 2 | F93: 1 | G93: 0 | H93: 2 | I93: 0 | J93: 0 | K93: 2 | L93: 2 | M93: 2 | N93: NA | O93: 2 | P93: 0 | Q93: 0 | R93: 0 | S93: 2 | T93: 0 | U93: 0 | V93: 1 | W93: 2 | X93: 1
A94: ==样本清单!A94 -> M4_P2_03 | B94: ==样本清单!B94 -> M4 | C94: ==样本清单!C94 -> Reve 2.1 | D94: ==样本清单!D94 -> P2 | E94: ==样本清单!F94 -> 3 | F94: 1 | G94: 0 | H94: 1 | I94: 1 | J94: 2 | K94: 2 | L94: 2 | M94: 2 | N94: NA | O94: 2 | P94: 0 | Q94: 0 | R94: 0 | S94: 2 | T94: 1 | U94: 1 | V94: 1 | W94: 2 | X94: 1
A95: ==样本清单!A95 -> M4_P2_04 | B95: ==样本清单!B95 -> M4 | C95: ==样本清单!C95 -> Reve 2.1 | D95: ==样本清单!D95 -> P2 | E95: ==样本清单!F95 -> 4 | F95: 1 | G95: 2 | H95: 1 | I95: 1 | J95: 1 | K95: 2 | L95: 2 | M95: 2 | N95: 1 | O95: 2 | P95: 0 | Q95: 0 | R95: 0 | S95: 2 | T95: 1 | U95: 2 | V95: 1 | W95: 2 | X95: 1
A96: ==样本清单!A96 -> M4_P2_05 | B96: ==样本清单!B96 -> M4 | C96: ==样本清单!C96 -> Reve 2.1 | D96: ==样本清单!D96 -> P2 | E96: ==样本清单!F96 -> 5 | F96: 1 | G96: 1 | H96: 1 | I96: 1 | J96: 2 | K96: 2 | L96: 2 | M96: 2 | N96: NA | O96: 2 | P96: 0 | Q96: 0 | R96: 0 | S96: 2 | T96: 1 | U96: 1 | V96: 1 | W96: 2 | X96: 1
A97: ==样本清单!A97 -> M4_P2_06 | B97: ==样本清单!B97 -> M4 | C97: ==样本清单!C97 -> Reve 2.1 | D97: ==样本清单!D97 -> P2 | E97: ==样本清单!F97 -> 6 | F97: 2 | G97: 0 | H97: 1 | I97: 1 | J97: 1 | K97: 2 | L97: 2 | M97: 2 | N97: NA | O97: 1 | P97: 1 | Q97: 0 | R97: 1 | S97: 2 | T97: 1 | U97: 1 | V97: 1 | W97: 2 | X97: 2
A98: ==样本清单!A98 -> M4_P2_07 | B98: ==样本清单!B98 -> M4 | C98: ==样本清单!C98 -> Reve 2.1 | D98: ==样本清单!D98 -> P2 | E98: ==样本清单!F98 -> 7 | F98: 1 | G98: 1 | H98: 1 | I98: 1 | J98: 1 | K98: 2 | L98: 2 | M98: 2 | N98: NA | O98: 2 | P98: 0 | Q98: 0 | R98: 0 | S98: 2 | T98: 1 | U98: 1 | V98: 0 | W98: 2 | X98: 1
A99: ==样本清单!A99 -> M4_P2_08 | B99: ==样本清单!B99 -> M4 | C99: ==样本清单!C99 -> Reve 2.1 | D99: ==样本清单!D99 -> P2 | E99: ==样本清单!F99 -> 8 | F99: 1 | G99: 1 | H99: 1 | I99: 2 | J99: 2 | K99: 2 | L99: 2 | M99: 2 | N99: NA | O99: 1 | P99: 0 | Q99: 0 | R99: 0 | S99: 1 | T99: 1 | U99: 1 | V99: 0 | W99: 2 | X99: 1
A100: ==样本清单!A100 -> M4_P2_09 | B100: ==样本清单!B100 -> M4 | C100: ==样本清单!C100 -> Reve 2.1 | D100: ==样本清单!D100 -> P2 | E100: ==样本清单!F100 -> 9 | F100: 1 | G100: 2 | H100: 2 | I100: 0 | J100: 2 | K100: 2 | L100: 2 | M100: 2 | N100: NA | O100: 2 | P100: 0 | Q100: 0 | R100: 0 | S100: 2 | T100: 1 | U100: 1 | V100: 0 | W100: 2 | X100: 1
A101: ==样本清单!A101 -> M4_P3_01 | B101: ==样本清单!B101 -> M4 | C101: ==样本清单!C101 -> Reve 2.1 | D101: ==样本清单!D101 -> P3 | E101: ==样本清单!F101 -> 1 | F101: 1 | G101: 1 | H101: 1 | I101: 1 | J101: 2 | K101: 2 | L101: 1 | M101: 2 | N101: 1 | O101: 2 | P101: 0 | Q101: 0 | R101: 2 | S101: 2 | T101: 2 | U101: 1 | V101: 1 | W101: 2 | X101: 2
A102: ==样本清单!A102 -> M4_P3_02 | B102: ==样本清单!B102 -> M4 | C102: ==样本清单!C102 -> Reve 2.1 | D102: ==样本清单!D102 -> P3 | E102: ==样本清单!F102 -> 2 | F102: 1 | G102: 2 | H102: 2 | I102: 1 | J102: 2 | K102: 2 | L102: 1 | M102: 2 | N102: 1 | O102: 2 | P102: 0 | Q102: 0 | R102: 0 | S102: 2 | T102: 1 | U102: 1 | V102: 1 | W102: 2 | X102: 1
A103: ==样本清单!A103 -> M4_P3_03 | B103: ==样本清单!B103 -> M4 | C103: ==样本清单!C103 -> Reve 2.1 | D103: ==样本清单!D103 -> P3 | E103: ==样本清单!F103 -> 3 | F103: 1 | G103: 1 | H103: 1 | I103: 1 | J103: 2 | K103: 2 | L103: 1 | M103: 1 | N103: 1 | O103: 2 | P103: 0 | Q103: 1 | R103: 2 | S103: 2 | T103: 2 | U103: 1 | V103: 1 | W103: 2 | X103: 2
A104: ==样本清单!A104 -> M4_P3_04 | B104: ==样本清单!B104 -> M4 | C104: ==样本清单!C104 -> Reve 2.1 | D104: ==样本清单!D104 -> P3 | E104: ==样本清单!F104 -> 4 | F104: 2 | G104: 1 | H104: 2 | I104: 1 | J104: 2 | K104: 2 | L104: 2 | M104: 2 | N104: 2 | O104: 2 | P104: 0 | Q104: 0 | R104: 2 | S104: 2 | T104: 1 | U104: 1 | V104: 1 | W104: 2 | X104: 2
A105: ==样本清单!A105 -> M4_P3_05 | B105: ==样本清单!B105 -> M4 | C105: ==样本清单!C105 -> Reve 2.1 | D105: ==样本清单!D105 -> P3 | E105: ==样本清单!F105 -> 5 | F105: 1 | G105: 2 | H105: 1 | I105: 1 | J105: 2 | K105: 2 | L105: 1 | M105: 2 | N105: 2 | O105: 2 | P105: 0 | Q105: 0 | R105: 1 | S105: 2 | T105: 1 | U105: 2 | V105: 1 | W105: 2 | X105: 2
...

Sheet 编码员B
A1: ImageID | B1: 模型代码 | C1: 模型名称 | D1: 提示条件 | E1: 重复序号 | F1: 总体Y | G1: f1 | H1: f2 | I1: f3 | J1: f4 | K1: f5 | L1: f6 | M1: f7 | N1: f8 | O1: f9 | P1: f10 | Q1: f11 | R1: f12 | S1: f13 | T1: f14 | U1: f15 | V1: f16 | W1: f17 | X1: f18 | Y1: 编码备注
A2: ==样本清单!A2 -> M1_P1_01 | B2: ==样本清单!B2 -> M1 | C2: ==样本清单!C2 -> ChatGPT Images 2.0 | D2: ==样本清单!D2 -> P1 | E2: ==样本清单!F2 -> 1 | F2: 1 | G2: 1 | H2: 1 | I2: 0 | J2: 2 | K2: 0 | L2: 0 | M2: 2 | N2: NA | O2: 0 | P2: 0 | Q2: 0 | R2: 0 | S2: 1 | T2: 1 | U2: 1 | V2: 1 | W2: 2 | X2: 0
A3: ==样本清单!A3 -> M1_P1_02 | B3: ==样本清单!B3 -> M1 | C3: ==样本清单!C3 -> ChatGPT Images 2.0 | D3: ==样本清单!D3 -> P1 | E3: ==样本清单!F3 -> 2 | F3: 0 | G3: 1 | H3: 1 | I3: 0 | J3: 1 | K3: 0 | L3: 1 | M3: 2 | N3: NA | O3: 0 | P3: 0 | Q3: 0 | R3: 0 | S3: 1 | T3: 1 | U3: 2 | V3: 1 | W3: 2 | X3: 1
A4: ==样本清单!A4 -> M1_P1_03 | B4: ==样本清单!B4 -> M1 | C4: ==样本清单!C4 -> ChatGPT Images 2.0 | D4: ==样本清单!D4 -> P1 | E4: ==样本清单!F4 -> 3 | F4: 0 | G4: 0 | H4: 1 | I4: 0 | J4: 2 | K4: 0 | L4: 1 | M4: 2 | N4: NA | O4: 1 | P4: 0 | Q4: 0 | R4: 0 | S4: 1 | T4: 1 | U4: 0 | V4: 1 | W4: 1 | X4: 0
A5: ==样本清单!A5 -> M1_P1_04 | B5: ==样本清单!B5 -> M1 | C5: ==样本清单!C5 -> ChatGPT Images 2.0 | D5: ==样本清单!D5 -> P1 | E5: ==样本清单!F5 -> 4 | F5: 0 | G5: 1 | H5: 1 | I5: 0 | J5: 2 | K5: 0 | L5: 2 | M5: 2 | N5: NA | O5: 1 | P5: 0 | Q5: 0 | R5: 0 | S5: 1 | T5: 1 | U5: 1 | V5: 1 | W5: 1 | X5: 0
A6: ==样本清单!A6 -> M1_P1_05 | B6: ==样本清单!B6 -> M1 | C6: ==样本清单!C6 -> ChatGPT Images 2.0 | D6: ==样本清单!D6 -> P1 | E6: ==样本清单!F6 -> 5 | F6: 1 | G6: 1 | H6: 1 | I6: 0 | J6: 2 | K6: 0 | L6: 0 | M6: 2 | N6: 0 | O6: 2 | P6: 0 | Q6: 0 | R6: 0 | S6: 2 | T6: 2 | U6: 1 | V6: 1 | W6: 1 | X6: 1
A7: ==样本清单!A7 -> M1_P1_06 | B7: ==样本清单!B7 -> M1 | C7: ==样本清单!C7 -> ChatGPT Images 2.0 | D7: ==样本清单!D7 -> P1 | E7: ==样本清单!F7 -> 6 | F7: 1 | G7: 1 | H7: 1 | I7: 0 | J7: 1 | K7: 0 | L7: 0 | M7: 2 | N7: NA | O7: 0 | P7: 0 | Q7: 0 | R7: 0 | S7: 1 | T7: 1 | U7: 1 | V7: 1 | W7: 1 | X7: 0
A8: ==样本清单!A8 -> M1_P1_07 | B8: ==样本清单!B8 -> M1 | C8: ==样本清单!C8 -> ChatGPT Images 2.0 | D8: ==样本清单!D8 -> P1 | E8: ==样本清单!F8 -> 7 | F8: 2 | G8: 2 | H8: 1 | I8: 1 | J8: 1 | K8: 0 | L8: 1 | M8: 2 | N8: 0 | O8: 0 | P8: 0 | Q8: 0 | R8: 0 | S8: 2 | T8: 1 | U8: 1 | V8: 1 | W8: 2 | X8: 2
A9: ==样本清单!A9 -> M1_P1_08 | B9: ==样本清单!B9 -> M1 | C9: ==样本清单!C9 -> ChatGPT Images 2.0 | D9: ==样本清单!D9 -> P1 | E9: ==样本清单!F9 -> 8 | F9: 1 | G9: 1 | H9: 1 | I9: 0 | J9: 2 | K9: 0 | L9: 2 | M9: 2 | N9: 2 | O9: 2 | P9: 0 | Q9: 0 | R9: 0 | S9: 2 | T9: 2 | U9: 1 | V9: 1 | W9: 2 | X9: 1
A10: ==样本清单!A10 -> M1_P1_09 | B10: ==样本清单!B10 -> M1 | C10: ==样本清单!C10 -> ChatGPT Images 2.0 | D10: ==样本清单!D10 -> P1 | E10: ==样本清单!F10 -> 9 | F10: 1 | G10: 1 | H10: 1 | I10: 0 | J10: 1 | K10: 0 | L10: 0 | M10: 2 | N10: 1 | O10: 1 | P10: 0 | Q10: 0 | R10: 0 | S10: 2 | T10: 1 | U10: 1 | V10: 1 | W10: 2 | X10: 1
A11: ==样本清单!A11 -> M1_P2_01 | B11: ==样本清单!B11 -> M1 | C11: ==样本清单!C11 -> ChatGPT Images 2.0 | D11: ==样本清单!D11 -> P2 | E11: ==样本清单!F11 -> 1 | F11: 1 | G11: 0 | H11: 0 | I11: 0 | J11: 1 | K11: 0 | L11: 2 | M11: 2 | N11: NA | O11: 2 | P11: 0 | Q11: 0 | R11: 0 | S11: 2 | T11: 2 | U11: 2 | V11: 1 | W11: 2 | X11: 1
A12: ==样本清单!A12 -> M1_P2_02 | B12: ==样本清单!B12 -> M1 | C12: ==样本清单!C12 -> ChatGPT Images 2.0 | D12: ==样本清单!D12 -> P2 | E12: ==样本清单!F12 -> 2 | F12: 1 | G12: 0 | H12: 0 | I12: 1 | J12: 0 | K12: 2 | L12: 2 | M12: 2 | N12: NA | O12: 2 | P12: 0 | Q12: 0 | R12: 0 | S12: 2 | T12: 2 | U12: 2 | V12: 2 | W12: 2 | X12: 2
A13: ==样本清单!A13 -> M1_P2_03 | B13: ==样本清单!B13 -> M1 | C13: ==样本清单!C13 -> ChatGPT Images 2.0 | D13: ==样本清单!D13 -> P2 | E13: ==样本清单!F13 -> 3 | F13: 1 | G13: 0 | H13: 0 | I13: 1 | J13: 0 | K13: 0 | L13: 2 | M13: 2 | N13: NA | O13: 2 | P13: 0 | Q13: 0 | R13: 0 | S13: 2 | T13: 1 | U13: 2 | V13: 1 | W13: 2 | X13: 2
A14: ==样本清单!A14 -> M1_P2_04 | B14: ==样本清单!B14 -> M1 | C14: ==样本清单!C14 -> ChatGPT Images 2.0 | D14: ==样本清单!D14 -> P2 | E14: ==样本清单!F14 -> 4 | F14: 1 | G14: 2 | H14: 1 | I14: 1 | J14: 1 | K14: 2 | L14: 2 | M14: 2 | N14: 2 | O14: 2 | P14: 0 | Q14: 0 | R14: 0 | S14: 2 | T14: 1 | U14: 2 | V14: 2 | W14: 2 | X14: 1
A15: ==样本清单!A15 -> M1_P2_05 | B15: ==样本清单!B15 -> M1 | C15: ==样本清单!C15 -> ChatGPT Images 2.0 | D15: ==样本清单!D15 -> P2 | E15: ==样本清单!F15 -> 5 | F15: 1 | G15: 2 | H15: 2 | I15: 0 | J15: 1 | K15: 2 | L15: 2 | M15: 2 | N15: NA | O15: 2 | P15: 0 | Q15: 0 | R15: 0 | S15: 2 | T15: 1 | U15: 2 | V15: 1 | W15: 2 | X15: 1
A16: ==样本清单!A16 -> M1_P2_06 | B16: ==样本清单!B16 -> M1 | C16: ==样本清单!C16 -> ChatGPT Images 2.0 | D16: ==样本清单!D16 -> P2 | E16: ==样本清单!F16 -> 6 | F16: 1 | G16: 0 | H16: 0 | I16: 0 | J16: 2 | K16: 0 | L16: 2 | M16: 2 | N16: NA | O16: 2 | P16: 0 | Q16: 0 | R16: 0 | S16: 2 | T16: 1 | U16: 2 | V16: 1 | W16: 2 | X16: 1
A17: ==样本清单!A17 -> M1_P2_07 | B17: ==样本清单!B17 -> M1 | C17: ==样本清单!C17 -> ChatGPT Images 2.0 | D17: ==样本清单!D17 -> P2 | E17: ==样本清单!F17 -> 7 | F17: 1 | G17: 0 | H17: 0 | I17: 0 | J17: 2 | K17: 2 | L17: 2 | M17: 2 | N17: 2 | O17: 2 | P17: 0 | Q17: 0 | R17: 0 | S17: 2 | T17: 1 | U17: 2 | V17: 1 | W17: 2 | X17: 1
A18: ==样本清单!A18 -> M1_P2_08 | B18: ==样本清单!B18 -> M1 | C18: ==样本清单!C18 -> ChatGPT Images 2.0 | D18: ==样本清单!D18 -> P2 | E18: ==样本清单!F18 -> 8 | F18: 1 | G18: 1 | H18: 2 | I18: 0 | J18: 0 | K18: 2 | L18: 2 | M18: 2 | N18: NA | O18: 2 | P18: 0 | Q18: 0 | R18: 0 | S18: 2 | T18: 1 | U18: 1 | V18: 1 | W18: 2 | X18: 1
A19: ==样本清单!A19 -> M1_P2_09 | B19: ==样本清单!B19 -> M1 | C19: ==样本清单!C19 -> ChatGPT Images 2.0 | D19: ==样本清单!D19 -> P2 | E19: ==样本清单!F19 -> 9 | F19: 1 | G19: 0 | H19: 0 | I19: 1 | J19: 1 | K19: 0 | L19: 2 | M19: 2 | N19: NA | O19: 2 | P19: 0 | Q19: 0 | R19: 0 | S19: 2 | T19: 1 | U19: 2 | V19: 1 | W19: 2 | X19: 1
A20: ==样本清单!A20 -> M1_P3_01 | B20: ==样本清单!B20 -> M1 | C20: ==样本清单!C20 -> ChatGPT Images 2.0 | D20: ==样本清单!D20 -> P3 | E20: ==样本清单!F20 -> 1 | F20: 1 | G20: 1 | H20: 1 | I20: 1 | J20: 1 | K20: 2 | L20: 2 | M20: 2 | N20: 1 | O20: 2 | P20: 0 | Q20: 0 | R20: 0 | S20: 2 | T20: 1 | U20: 2 | V20: 1 | W20: 2 | X20: 1
A21: ==样本清单!A21 -> M1_P3_02 | B21: ==样本清单!B21 -> M1 | C21: ==样本清单!C21 -> ChatGPT Images 2.0 | D21: ==样本清单!D21 -> P3 | E21: ==样本清单!F21 -> 2 | F21: 1 | G21: 1 | H21: 1 | I21: 1 | J21: 1 | K21: 1 | L21: 2 | M21: 2 | N21: 1 | O21: 2 | P21: 0 | Q21: 0 | R21: 0 | S21: 2 | T21: 2 | U21: 2 | V21: 2 | W21: 2 | X21: 2
A22: ==样本清单!A22 -> M1_P3_03 | B22: ==样本清单!B22 -> M1 | C22: ==样本清单!C22 -> ChatGPT Images 2.0 | D22: ==样本清单!D22 -> P3 | E22: ==样本清单!F22 -> 3 | F22: 1 | G22: 1 | H22: 2 | I22: 1 | J22: 2 | K22: 0 | L22: 2 | M22: 2 | N22: 0 | O22: 2 | P22: 0 | Q22: 0 | R22: 0 | S22: 2 | T22: 2 | U22: 2 | V22: 2 | W22: 2 | X22: 2
A23: ==样本清单!A23 -> M1_P3_04 | B23: ==样本清单!B23 -> M1 | C23: ==样本清单!C23 -> ChatGPT Images 2.0 | D23: ==样本清单!D23 -> P3 | E23: ==样本清单!F23 -> 4 | F23: 2 | G23: 1 | H23: 2 | I23: 1 | J23: 2 | K23: 0 | L23: 2 | M23: 2 | N23: 1 | O23: 2 | P23: 0 | Q23: 0 | R23: 0 | S23: 2 | T23: 2 | U23: 2 | V23: 2 | W23: 2 | X23: 2
A24: ==样本清单!A24 -> M1_P3_05 | B24: ==样本清单!B24 -> M1 | C24: ==样本清单!C24 -> ChatGPT Images 2.0 | D24: ==样本清单!D24 -> P3 | E24: ==样本清单!F24 -> 5 | F24: 2 | G24: 2 | H24: 2 | I24: 2 | J24: 2 | K24: 2 | L24: 2 | M24: 2 | N24: 1 | O24: 1 | P24: 0 | Q24: 0 | R24: 1 | S24: 2 | T24: 2 | U24: 2 | V24: 2 | W24: 2 | X24: 2
A25: ==样本清单!A25 -> M1_P3_06 | B25: ==样本清单!B25 -> M1 | C25: ==样本清单!C25 -> ChatGPT Images 2.0 | D25: ==样本清单!D25 -> P3 | E25: ==样本清单!F25 -> 6 | F25: 2 | G25: 2 | H25: 2 | I25: 2 | J25: 2 | K25: 2 | L25: 2 | M25: 2 | N25: 2 | O25: 2 | P25: 1 | Q25: 0 | R25: 1 | S25: 2 | T25: 2 | U25: 2 | V25: 2 | W25: 2 | X25: 2
A26: ==样本清单!A26 -> M1_P3_07 | B26: ==样本清单!B26 -> M1 | C26: ==样本清单!C26 -> ChatGPT Images 2.0 | D26: ==样本清单!D26 -> P3 | E26: ==样本清单!F26 -> 7 | F26: 2 | G26: 2 | H26: 1 | I26: 1 | J26: 1 | K26: 0 | L26: 2 | M26: 2 | N26: 0 | O26: 2 | P26: 0 | Q26: 0 | R26: 0 | S26: 2 | T26: 2 | U26: 2 | V26: 2 | W26: 2 | X26: 2
A27: ==样本清单!A27 -> M1_P3_08 | B27: ==样本清单!B27 -> M1 | C27: ==样本清单!C27 -> ChatGPT Images 2.0 | D27: ==样本清单!D27 -> P3 | E27: ==样本清单!F27 -> 8 | F27: 2 | G27: 2 | H27: 2 | I27: 1 | J27: 1 | K27: 2 | L27: 2 | M27: 2 | N27: 1 | O27: 2 | P27: 0 | Q27: 0 | R27: 1 | S27: 2 | T27: 1 | U27: 2 | V27: 2 | W27: 2 | X27: 2
A28: ==样本清单!A28 -> M1_P3_09 | B28: ==样本清单!B28 -> M1 | C28: ==样本清单!C28 -> ChatGPT Images 2.0 | D28: ==样本清单!D28 -> P3 | E28: ==样本清单!F28 -> 9 | F28: 2 | G28: 2 | H28: 2 | I28: 2 | J28: 2 | K28: 0 | L28: 2 | M28: 2 | N28: 0 | O28: 2 | P28: 0 | Q28: 0 | R28: 1 | S28: 2 | T28: 2 | U28: 2 | V28: 2 | W28: 2 | X28: 2
A29: ==样本清单!A29 -> M2_P1_01 | B29: ==样本清单!B29 -> M2 | C29: ==样本清单!C29 -> gemini-3.1-flash-image | D29: ==样本清单!D29 -> P1 | E29: ==样本清单!F29 -> 1 | F29: 1 | G29: 1 | H29: 2 | I29: 0 | J29: 2 | K29: 0 | L29: 1 | M29: 0 | N29: 0 | O29: 0 | P29: 0 | Q29: 0 | R29: 0 | S29: 0 | T29: 1 | U29: 1 | V29: 1 | W29: 0 | X29: 0
A30: ==样本清单!A30 -> M2_P1_02 | B30: ==样本清单!B30 -> M2 | C30: ==样本清单!C30 -> gemini-3.1-flash-image | D30: ==样本清单!D30 -> P1 | E30: ==样本清单!F30 -> 2 | F30: 1 | G30: 1 | H30: 2 | I30: 1 | J30: 1 | K30: 0 | L30: 0 | M30: 0 | N30: 0 | O30: 0 | P30: 0 | Q30: 0 | R30: 0 | S30: 0 | T30: 0 | U30: 0 | V30: 1 | W30: 0 | X30: 0
A31: ==样本清单!A31 -> M2_P1_03 | B31: ==样本清单!B31 -> M2 | C31: ==样本清单!C31 -> gemini-3.1-flash-image | D31: ==样本清单!D31 -> P1 | E31: ==样本清单!F31 -> 3 | F31: 1 | G31: 1 | H31: 1 | I31: 1 | J31: 2 | K31: 1 | L31: 2 | M31: 2 | N31: NA | O31: 1 | P31: 0 | Q31: 0 | R31: 0 | S31: 2 | T31: 1 | U31: 1 | V31: 1 | W31: 2 | X31: 1
A32: ==样本清单!A32 -> M2_P1_04 | B32: ==样本清单!B32 -> M2 | C32: ==样本清单!C32 -> gemini-3.1-flash-image | D32: ==样本清单!D32 -> P1 | E32: ==样本清单!F32 -> 4 | F32: 2 | G32: 2 | H32: 2 | I32: 0 | J32: 1 | K32: 0 | L32: 2 | M32: 2 | N32: 2 | O32: 2 | P32: 0 | Q32: 0 | R32: 0 | S32: 2 | T32: 1 | U32: 1 | V32: 1 | W32: 2 | X32: 2
A33: ==样本清单!A33 -> M2_P1_05 | B33: ==样本清单!B33 -> M2 | C33: ==样本清单!C33 -> gemini-3.1-flash-image | D33: ==样本清单!D33 -> P1 | E33: ==样本清单!F33 -> 5 | F33: 1 | G33: 2 | H33: 2 | I33: 0 | J33: 2 | K33: 0 | L33: 2 | M33: 2 | N33: 2 | O33: 2 | P33: 0 | Q33: 0 | R33: 0 | S33: 1 | T33: 1 | U33: 1 | V33: 1 | W33: 1 | X33: 2
A34: ==样本清单!A34 -> M2_P1_06 | B34: ==样本清单!B34 -> M2 | C34: ==样本清单!C34 -> gemini-3.1-flash-image | D34: ==样本清单!D34 -> P1 | E34: ==样本清单!F34 -> 6 | F34: 1 | G34: 1 | H34: 2 | I34: 0 | J34: 2 | K34: 0 | L34: 0 | M34: 1 | N34: NA | O34: 1 | P34: 0 | Q34: 0 | R34: 0 | S34: 1 | T34: 1 | U34: 1 | V34: 1 | W34: 2 | X34: 1
A35: ==样本清单!A35 -> M2_P1_07 | B35: ==样本清单!B35 -> M2 | C35: ==样本清单!C35 -> gemini-3.1-flash-image | D35: ==样本清单!D35 -> P1 | E35: ==样本清单!F35 -> 7 | F35: 1 | G35: 2 | H35: 2 | I35: 0 | J35: 2 | K35: 0 | L35: 0 | M35: 0 | N35: NA | O35: 1 | P35: 0 | Q35: 0 | R35: 0 | S35: 1 | T35: 1 | U35: 1 | V35: 1 | W35: 2 | X35: 2
A36: ==样本清单!A36 -> M2_P1_08 | B36: ==样本清单!B36 -> M2 | C36: ==样本清单!C36 -> gemini-3.1-flash-image | D36: ==样本清单!D36 -> P1 | E36: ==样本清单!F36 -> 8 | F36: 1 | G36: 1 | H36: 2 | I36: 0 | J36: 2 | K36: 0 | L36: 2 | M36: 2 | N36: 2 | O36: 2 | P36: 0 | Q36: 0 | R36: 0 | S36: 1 | T36: 2 | U36: 1 | V36: 1 | W36: 2 | X36: 2
A37: ==样本清单!A37 -> M2_P1_09 | B37: ==样本清单!B37 -> M2 | C37: ==样本清单!C37 -> gemini-3.1-flash-image | D37: ==样本清单!D37 -> P1 | E37: ==样本清单!F37 -> 9 | F37: 2 | G37: 2 | H37: 2 | I37: 1 | J37: 1 | K37: 0 | L37: 2 | M37: 2 | N37: NA | O37: 1 | P37: 0 | Q37: 0 | R37: 0 | S37: 1 | T37: 1 | U37: 1 | V37: 1 | W37: 2 | X37: 2
A38: ==样本清单!A38 -> M2_P2_01 | B38: ==样本清单!B38 -> M2 | C38: ==样本清单!C38 -> gemini-3.1-flash-image | D38: ==样本清单!D38 -> P2 | E38: ==样本清单!F38 -> 1 | F38: 1 | G38: 0 | H38: 2 | I38: 1 | J38: 2 | K38: 0 | L38: 2 | M38: 2 | N38: NA | O38: 2 | P38: 0 | Q38: 0 | R38: 0 | S38: 2 | T38: 1 | U38: 0 | V38: 1 | W38: 2 | X38: 1
A39: ==样本清单!A39 -> M2_P2_02 | B39: ==样本清单!B39 -> M2 | C39: ==样本清单!C39 -> gemini-3.1-flash-image | D39: ==样本清单!D39 -> P2 | E39: ==样本清单!F39 -> 2 | F39: 1 | G39: 0 | H39: 2 | I39: 1 | J39: 0 | K39: 0 | L39: 2 | M39: 2 | N39: 0 | O39: 2 | P39: 0 | Q39: 0 | R39: 0 | S39: 2 | T39: 1 | U39: 0 | V39: 1 | W39: 2 | X39: 1
A40: ==样本清单!A40 -> M2_P2_03 | B40: ==样本清单!B40 -> M2 | C40: ==样本清单!C40 -> gemini-3.1-flash-image | D40: ==样本清单!D40 -> P2 | E40: ==样本清单!F40 -> 3 | F40: 1 | G40: 0 | H40: 2 | I40: 1 | J40: 0 | K40: 0 | L40: 2 | M40: 2 | N40: 0 | O40: 2 | P40: 0 | Q40: 0 | R40: 0 | S40: 2 | T40: 1 | U40: 0 | V40: 1 | W40: 2 | X40: 1
A41: ==样本清单!A41 -> M2_P2_04 | B41: ==样本清单!B41 -> M2 | C41: ==样本清单!C41 -> gemini-3.1-flash-image | D41: ==样本清单!D41 -> P2 | E41: ==样本清单!F41 -> 4 | F41: 1 | G41: 0 | H41: 2 | I41: 1 | J41: 0 | K41: 0 | L41: 2 | M41: 0 | N41: 0 | O41: 1 | P41: 0 | Q41: 0 | R41: 0 | S41: 1 | T41: 0 | U41: 1 | V41: 1 | W41: 2 | X41: 1
A42: ==样本清单!A42 -> M2_P2_05 | B42: ==样本清单!B42 -> M2 | C42: ==样本清单!C42 -> gemini-3.1-flash-image | D42: ==样本清单!D42 -> P2 | E42: ==样本清单!F42 -> 5 | F42: 1 | G42: 0 | H42: 2 | I42: 1 | J42: 2 | K42: 0 | L42: 2 | M42: 2 | N42: NA | O42: 2 | P42: 0 | Q42: 0 | R42: 0 | S42: 2 | T42: 1 | U42: 0 | V42: 1 | W42: 2 | X42: 1
A43: ==样本清单!A43 -> M2_P2_06 | B43: ==样本清单!B43 -> M2 | C43: ==样本清单!C43 -> gemini-3.1-flash-image | D43: ==样本清单!D43 -> P2 | E43: ==样本清单!F43 -> 6 | F43: 1 | G43: 2 | H43: 2 | I43: 2 | J43: 0 | K43: 0 | L43: 2 | M43: 2 | N43: NA | O43: 2 | P43: 0 | Q43: 0 | R43: 0 | S43: 2 | T43: 0 | U43: 2 | V43: 1 | W43: 2 | X43: 1
A44: ==样本清单!A44 -> M2_P2_07 | B44: ==样本清单!B44 -> M2 | C44: ==样本清单!C44 -> gemini-3.1-flash-image | D44: ==样本清单!D44 -> P2 | E44: ==样本清单!F44 -> 7 | F44: 1 | G44: 2 | H44: 2 | I44: 1 | J44: 0 | K44: 0 | L44: 2 | M44: 2 | N44: 0 | O44: 2 | P44: 0 | Q44: 0 | R44: 0 | S44: 1 | T44: 0 | U44: 1 | V44: 1 | W44: 2 | X44: 1
A45: ==样本清单!A45 -> M2_P2_08 | B45: ==样本清单!B45 -> M2 | C45: ==样本清单!C45 -> gemini-3.1-flash-image | D45: ==样本清单!D45 -> P2 | E45: ==样本清单!F45 -> 8 | F45: 1 | G45: 2 | H45: 2 | I45: 1 | J45: 0 | K45: 0 | L45: 2 | M45: 2 | N45: NA | O45: 2 | P45: 0 | Q45: 0 | R45: 0 | S45: 2 | T45: 1 | U45: 1 | V45: 1 | W45: 2 | X45: 1
A46: ==样本清单!A46 -> M2_P2_09 | B46: ==样本清单!B46 -> M2 | C46: ==样本清单!C46 -> gemini-3.1-flash-image | D46: ==样本清单!D46 -> P2 | E46: ==样本清单!F46 -> 9 | F46: 1 | G46: 1 | H46: 2 | I46: 1 | J46: 0 | K46: 0 | L46: 2 | M46: 2 | N46: 1 | O46: 2 | P46: 0 | Q46: 0 | R46: 0 | S46: 1 | T46: 1 | U46: 1 | V46: 1 | W46: 2 | X46: 1
A47: ==样本清单!A47 -> M2_P3_01 | B47: ==样本清单!B47 -> M2 | C47: ==样本清单!C47 -> gemini-3.1-flash-image | D47: ==样本清单!D47 -> P3 | E47: ==样本清单!F47 -> 1 | F47: 2 | G47: 2 | H47: 2 | I47: 1 | J47: 1 | K47: 0 | L47: 2 | M47: 2 | N47: 2 | O47: 2 | P47: 0 | Q47: 0 | R47: 0 | S47: 2 | T47: 1 | U47: 0 | V47: 1 | W47: 2 | X47: 1
A48: ==样本清单!A48 -> M2_P3_02 | B48: ==样本清单!B48 -> M2 | C48: ==样本清单!C48 -> gemini-3.1-flash-image | D48: ==样本清单!D48 -> P3 | E48: ==样本清单!F48 -> 2 | F48: 2 | G48: 2 | H48: 2 | I48: 1 | J48: 1 | K48: 0 | L48: 1 | M48: 2 | N48: 0 | O48: 0 | P48: 0 | Q48: 0 | R48: 1 | S48: 2 | T48: 1 | U48: 0 | V48: 1 | W48: 2 | X48: 2
A49: ==样本清单!A49 -> M2_P3_03 | B49: ==样本清单!B49 -> M2 | C49: ==样本清单!C49 -> gemini-3.1-flash-image | D49: ==样本清单!D49 -> P3 | E49: ==样本清单!F49 -> 3 | F49: 1 | G49: 2 | H49: 2 | I49: 1 | J49: 0 | K49: 1 | L49: 2 | M49: 2 | N49: 0 | O49: 0 | P49: 0 | Q49: 0 | R49: 0 | S49: 1 | T49: 1 | U49: 0 | V49: 0 | W49: 1 | X49: 0
A50: ==样本清单!A50 -> M2_P3_04 | B50: ==样本清单!B50 -> M2 | C50: ==样本清单!C50 -> gemini-3.1-flash-image | D50: ==样本清单!D50 -> P3 | E50: ==样本清单!F50 -> 4 | F50: 1 | G50: 2 | H50: 2 | I50: 1 | J50: 1 | K50: 0 | L50: 2 | M50: 1 | N50: 0 | O50: 0 | P50: 0 | Q50: 0 | R50: 0 | S50: 1 | T50: 0 | U50: 0 | V50: 0 | W50: 1 | X50: 1
A51: ==样本清单!A51 -> M2_P3_05 | B51: ==样本清单!B51 -> M2 | C51: ==样本清单!C51 -> gemini-3.1-flash-image | D51: ==样本清单!D51 -> P3 | E51: ==样本清单!F51 -> 5 | F51: 1 | G51: 2 | H51: 2 | I51: 1 | J51: 1 | K51: 0 | L51: 2 | M51: 2 | N51: 2 | O51: 2 | P51: 0 | Q51: 0 | R51: 1 | S51: 0 | T51: 2 | U51: 0 | V51: 1 | W51: 2 | X51: 1
A52: ==样本清单!A52 -> M2_P3_06 | B52: ==样本清单!B52 -> M2 | C52: ==样本清单!C52 -> gemini-3.1-flash-image | D52: ==样本清单!D52 -> P3 | E52: ==样本清单!F52 -> 6 | F52: 2 | G52: 2 | H52: 2 | I52: 1 | J52: 1 | K52: 2 | L52: 2 | M52: 2 | N52: 2 | O52: 2 | P52: 0 | Q52: 0 | R52: 1 | S52: 1 | T52: 2 | U52: 0 | V52: 1 | W52: 1 | X52: 1
A53: ==样本清单!A53 -> M2_P3_07 | B53: ==样本清单!B53 -> M2 | C53: ==样本清单!C53 -> gemini-3.1-flash-image | D53: ==样本清单!D53 -> P3 | E53: ==样本清单!F53 -> 7 | F53: 1 | G53: 1 | H53: 2 | I53: 2 | J53: 0 | K53: 2 | L53: 2 | M53: 2 | N53: 1 | O53: 1 | P53: 0 | Q53: 0 | R53: 2 | S53: 0 | T53: 0 | U53: 0 | V53: 1 | W53: 1 | X53: 1
A54: ==样本清单!A54 -> M2_P3_08 | B54: ==样本清单!B54 -> M2 | C54: ==样本清单!C54 -> gemini-3.1-flash-image | D54: ==样本清单!D54 -> P3 | E54: ==样本清单!F54 -> 8 | F54: 1 | G54: 2 | H54: 2 | I54: 1 | J54: 2 | K54: 0 | L54: 0 | M54: 1 | N54: 2 | O54: 2 | P54: 0 | Q54: 0 | R54: 0 | S54: 1 | T54: 2 | U54: 0 | V54: 1 | W54: 2 | X54: 1
A55: ==样本清单!A55 -> M2_P3_09 | B55: ==样本清单!B55 -> M2 | C55: ==样本清单!C55 -> gemini-3.1-flash-image | D55: ==样本清单!D55 -> P3 | E55: ==样本清单!F55 -> 9 | F55: 1 | G55: 1 | H55: 2 | I55: 1 | J55: 2 | K55: 2 | L55: 1 | M55: 2 | N55: 2 | O55: 0 | P55: 0 | Q55: 0 | R55: 1 | S55: 2 | T55: 2 | U55: 0 | V55: 1 | W55: 2 | X55: 1
A56: ==样本清单!A56 -> M3_P1_01 | B56: ==样本清单!B56 -> M3 | C56: ==样本清单!C56 -> MAI-Image-2.5-Pro | D56: ==样本清单!D56 -> P1 | E56: ==样本清单!F56 -> 1 | F56: 2 | G56: 2 | H56: 2 | I56: 0 | J56: 2 | K56: 2 | L56: 2 | M56: 2 | N56: NA | O56: 2 | P56: 0 | Q56: 0 | R56: 0 | S56: 2 | T56: 1 | U56: 2 | V56: 1 | W56: 2 | X56: 2
A57: ==样本清单!A57 -> M3_P1_02 | B57: ==样本清单!B57 -> M3 | C57: ==样本清单!C57 -> MAI-Image-2.5-Pro | D57: ==样本清单!D57 -> P1 | E57: ==样本清单!F57 -> 2 | F57: 2 | G57: 2 | H57: 2 | I57: 1 | J57: 1 | K57: 2 | L57: 2 | M57: 2 | N57: NA | O57: 2 | P57: 0 | Q57: 0 | R57: 0 | S57: 2 | T57: 1 | U57: 1 | V57: 1 | W57: 2 | X57: 2
A58: ==样本清单!A58 -> M3_P1_03 | B58: ==样本清单!B58 -> M3 | C58: ==样本清单!C58 -> MAI-Image-2.5-Pro | D58: ==样本清单!D58 -> P1 | E58: ==样本清单!F58 -> 3 | F58: 2 | G58: 2 | H58: 2 | I58: 0 | J58: 1 | K58: 2 | L58: 2 | M58: 1 | N58: NA | O58: 2 | P58: 0 | Q58: 0 | R58: 0 | S58: 1 | T58: 1 | U58: 1 | V58: 2 | W58: 2 | X58: 2
A59: ==样本清单!A59 -> M3_P1_04 | B59: ==样本清单!B59 -> M3 | C59: ==样本清单!C59 -> MAI-Image-2.5-Pro | D59: ==样本清单!D59 -> P1 | E59: ==样本清单!F59 -> 4 | F59: 2 | G59: 2 | H59: 2 | I59: 0 | J59: 1 | K59: 2 | L59: 2 | M59: 1 | N59: NA | O59: 2 | P59: 0 | Q59: 0 | R59: 0 | S59: 2 | T59: 2 | U59: 2 | V59: 1 | W59: 2 | X59: 2
A60: ==样本清单!A60 -> M3_P1_05 | B60: ==样本清单!B60 -> M3 | C60: ==样本清单!C60 -> MAI-Image-2.5-Pro | D60: ==样本清单!D60 -> P1 | E60: ==样本清单!F60 -> 5 | F60: 2 | G60: 2 | H60: 2 | I60: 0 | J60: 2 | K60: 2 | L60: 2 | M60: 2 | N60: NA | O60: 2 | P60: 0 | Q60: 0 | R60: 0 | S60: 2 | T60: 2 | U60: 2 | V60: 2 | W60: 2 | X60: 2
A61: ==样本清单!A61 -> M3_P1_06 | B61: ==样本清单!B61 -> M3 | C61: ==样本清单!C61 -> MAI-Image-2.5-Pro | D61: ==样本清单!D61 -> P1 | E61: ==样本清单!F61 -> 6 | F61: 2 | G61: 2 | H61: 2 | I61: 0 | J61: 1 | K61: 2 | L61: 2 | M61: 1 | N61: NA | O61: 2 | P61: 0 | Q61: 0 | R61: 0 | S61: 2 | T61: 1 | U61: 1 | V61: 2 | W61: 2 | X61: 2
A62: ==样本清单!A62 -> M3_P1_07 | B62: ==样本清单!B62 -> M3 | C62: ==样本清单!C62 -> MAI-Image-2.5-Pro | D62: ==样本清单!D62 -> P1 | E62: ==样本清单!F62 -> 7 | F62: 2 | G62: 2 | H62: 2 | I62: 1 | J62: 1 | K62: 2 | L62: 2 | M62: 2 | N62: NA | O62: 2 | P62: 1 | Q62: 2 | R62: 0 | S62: 2 | T62: 2 | U62: 1 | V62: 1 | W62: 2 | X62: 2
A63: ==样本清单!A63 -> M3_P1_08 | B63: ==样本清单!B63 -> M3 | C63: ==样本清单!C63 -> MAI-Image-2.5-Pro | D63: ==样本清单!D63 -> P1 | E63: ==样本清单!F63 -> 8 | F63: 2 | G63: 1 | H63: 2 | I63: 0 | J63: 2 | K63: 2 | L63: 2 | M63: 1 | N63: NA | O63: 2 | P63: 0 | Q63: 0 | R63: 0 | S63: 2 | T63: 2 | U63: 1 | V63: 2 | W63: 2 | X63: 2
A64: ==样本清单!A64 -> M3_P1_09 | B64: ==样本清单!B64 -> M3 | C64: ==样本清单!C64 -> MAI-Image-2.5-Pro | D64: ==样本清单!D64 -> P1 | E64: ==样本清单!F64 -> 9 | F64: 2 | G64: 2 | H64: 2 | I64: 1 | J64: 2 | K64: 2 | L64: 2 | M64: 2 | N64: NA | O64: 2 | P64: 0 | Q64: 0 | R64: 0 | S64: 2 | T64: 1 | U64: 1 | V64: 1 | W64: 2 | X64: 2
A65: ==样本清单!A65 -> M3_P2_01 | B65: ==样本清单!B65 -> M3 | C65: ==样本清单!C65 -> MAI-Image-2.5-Pro | D65: ==样本清单!D65 -> P2 | E65: ==样本清单!F65 -> 1 | F65: 1 | G65: 2 | H65: 2 | I65: 0 | J65: 2 | K65: 2 | L65: 2 | M65: 2 | N65: NA | O65: 2 | P65: 0 | Q65: 1 | R65: 0 | S65: 2 | T65: 1 | U65: 2 | V65: 2 | W65: 2 | X65: 2
A66: ==样本清单!A66 -> M3_P2_02 | B66: ==样本清单!B66 -> M3 | C66: ==样本清单!C66 -> MAI-Image-2.5-Pro | D66: ==样本清单!D66 -> P2 | E66: ==样本清单!F66 -> 2 | F66: 2 | G66: 1 | H66: 2 | I66: 0 | J66: 1 | K66: 2 | L66: 2 | M66: 2 | N66: NA | O66: 2 | P66: 0 | Q66: 0 | R66: 0 | S66: 2 | T66: 1 | U66: 2 | V66: 2 | W66: 2 | X66: 2
A67: ==样本清单!A67 -> M3_P2_03 | B67: ==样本清单!B67 -> M3 | C67: ==样本清单!C67 -> MAI-Image-2.5-Pro | D67: ==样本清单!D67 -> P2 | E67: ==样本清单!F67 -> 3 | F67: 2 | G67: 2 | H67: 2 | I67: 1 | J67: 1 | K67: 2 | L67: 2 | M67: 2 | N67: NA | O67: 2 | P67: 2 | Q67: 2 | R67: 0 | S67: 2 | T67: 1 | U67: 2 | V67: 2 | W67: 2 | X67: 2
... A73: ==样本清单!A73 -> M3_P2_09 | B73: ==样本清单!B73 -> M3 | C73: ==样本清单!C73 -> MAI-Image-2.5-Pro | D73: ==样本清单!D73 -> P2 | E73: ==样本清单!F73 -> 9 | F73: 2 | G73: 2 | H73: 2 | I73: 1 | J73: 1 | K73: 2 | L73: 2 | M73: 2 | N73: NA | O73: 2 | P73: 0 | Q73: 1 | R73: 0 | S73: 2 | T73: 1 | U73: 2 | V73: 2 | W73: 2 | X73: 2
A74: ==样本清单!A74 -> M3_P3_01 | B74: ==样本清单!B74 -> M3 | C74: ==样本清单!C74 -> MAI-Image-2.5-Pro | D74: ==样本清单!D74 -> P3 | E74: ==样本清单!F74 -> 1 | F74: 2 | G74: 2 | H74: 2 | I74: 1 | J74: 1 | K74: 2 | L74: 2 | M74: 2 | N74: 2 | O74: 2 | P74: 0 | Q74: 0 | R74: 1 | S74: 2 | T74: 2 | U74: 1 | V74: 2 | W74: 2 | X74: 2
A75: ==样本清单!A75 -> M3_P3_02 | B75: ==样本清单!B75 -> M3 | C75: ==样本清单!C75 -> MAI-Image-2.5-Pro | D75: ==样本清单!D75 -> P3 | E75: ==样本清单!F75 -> 2 | F75: 2 | G75: 2 | H75: 2 | I75: 0 | J75: 1 | K75: 2 | L75: 2 | M75: 2 | N75: 2 | O75: 2 | P75: 0 | Q75: 1 | R75: 1 | S75: 2 | T75: 2 | U75: 1 | V75: 2 | W75: 2 | X75: 2
A76: ==样本清单!A76 -> M3_P3_03 | B76: ==样本清单!B76 -> M3 | C76: ==样本清单!C76 -> MAI-Image-2.5-Pro | D76: ==样本清单!D76 -> P3 | E76: ==样本清单!F76 -> 3 | F76: 2 | G76: 2 | H76: 2 | I76: 1 | J76: 2 | K76: 2 | L76: 2 | M76: 2 | N76: 2 | O76: 2 | P76: 1 | Q76: 2 | R76: 1 | S76: 2 | T76: 2 | U76: 1 | V76: 2 | W76: 2 | X76: 2
A77: ==样本清单!A77 -> M3_P3_04 | B77: ==样本清单!B77 -> M3 | C77: ==样本清单!C77 -> MAI-Image-2.5-Pro | D77: ==样本清单!D77 -> P3 | E77: ==样本清单!F77 -> 4 | F77: 2 | G77: 2 | H77: 2 | I77: 0 | J77: 2 | K77: 2 | L77: 2 | M77: 2 | N77: 2 | O77: 2 | P77: 0 | Q77: 0 | R77: 2 | S77: 2 | T77: 2 | U77: 2 | V77: 2 | W77: 2 | X77: 2
A78: ==样本清单!A78 -> M3_P3_05 | B78: ==样本清单!B78 -> M3 | C78: ==样本清单!C78 -> MAI-Image-2.5-Pro | D78: ==样本清单!D78 -> P3 | E78: ==样本清单!F78 -> 5 | F78: 2 | G78: 2 | H78: 2 | I78: 0 | J78: 2 | K78: 2 | L78: 2 | M78: 2 | N78: 2 | O78: 2 | P78: 0 | Q78: 0 | R78: 1 | S78: 2 | T78: 1 | U78: 1 | V78: 2 | W78: 2 | X78: 2
A79: ==样本清单!A79 -> M3_P3_06 | B79: ==样本清单!B79 -> M3 | C79: ==样本清单!C79 -> MAI-Image-2.5-Pro | D79: ==样本清单!D79 -> P3 | E79: ==样本清单!F79 -> 6 | F79: 2 | G79: 2 | H79: 2 | I79: 1 | J79: 2 | K79: 2 | L79: 2 | M79: 2 | N79: 2 | O79: 2 | P79: 0 | Q79: 0 | R79: 1 | S79: 2 | T79: 2 | U79: 2 | V79: 2 | W79: 2 | X79: 2
A80: ==样本清单!A80 -> M3_P3_07 | B80: ==样本清单!B80 -> M3 | C80: ==样本清单!C80 -> MAI-Image-2.5-Pro | D80: ==样本清单!D80 -> P3 | E80: ==样本清单!F80 -> 7 | F80: 2 | G80: 2 | H80: 2 | I80: 2 | J80: 2 | K80: 2 | L80: NA | M80: 2 | N80: 2 | O80: 2 | P80: 0 | Q80: 1 | R80: 1 | S80: 2 | T80: 2 | U80: 2 | V80: 2 | W80: 2 | X80: 2
A81: ==样本清单!A81 -> M3_P3_08 | B81: ==样本清单!B81 -> M3 | C81: ==样本清单!C81 -> MAI-Image-2.5-Pro | D81: ==样本清单!D81 -> P3 | E81: ==样本清单!F81 -> 8 | F81: 2 | G81: 2 | H81: 2 | I81: 1 | J81: 2 | K81: 2 | L81: 2 | M81: 2 | N81: 2 | O81: 2 | P81: 1 | Q81: 1 | R81: 1 | S81: 2 | T81: 2 | U81: 2 | V81: 2 | W81: 2 | X81: 2
A82: ==样本清单!A82 -> M3_P3_09 | B82: ==样本清单!B82 -> M3 | C82: ==样本清单!C82 -> MAI-Image-2.5-Pro | D82: ==样本清单!D82 -> P3 | E82: ==样本清单!F82 -> 9 | F82: 2 | G82: 2 | H82: 2 | I82: 2 | J82: 2 | K82: 2 | L82: 2 | M82: 2 | N82: 2 | O82: 2 | P82: 0 | Q82: 0 | R82: 1 | S82: 2 | T82: 2 | U82: 2 | V82: 2 | W82: 2 | X82: 2
A83: ==样本清单!A83 -> M4_P1_01 | B83: ==样本清单!B83 -> M4 | C83: ==样本清单!C83 -> Reve 2.1 | D83: ==样本清单!D83 -> P1 | E83: ==样本清单!F83 -> 1 | F83: 0 | G83: 0 | H83: 0 | I83: 2 | J83: 2 | K83: 2 | L83: 2 | M83: 2 | N83: NA | O83: 1 | P83: 0 | Q83: 0 | R83: 0 | S83: 1 | T83: 0 | U83: 1 | V83: 0 | W83: 1 | X83: 1
A84: ==样本清单!A84 -> M4_P1_02 | B84: ==样本清单!B84 -> M4 | C84: ==样本清单!C84 -> Reve 2.1 | D84: ==样本清单!D84 -> P1 | E84: ==样本清单!F84 -> 2 | F84: 0 | G84: 0 | H84: 1 | I84: 0 | J84: 0 | K84: 2 | L84: 2 | M84: 2 | N84: 0 | O84: 1 | P84: 0 | Q84: 0 | R84: 0 | S84: 1 | T84: 0 | U84: 1 | V84: 0 | W84: 2 | X84: 0
A85: ==样本清单!A85 -> M4_P1_03 | B85: ==样本清单!B85 -> M4 | C85: ==样本清单!C85 -> Reve 2.1 | D85: ==样本清单!D85 -> P1 | E85: ==样本清单!F85 -> 3 | F85: 0 | G85: 0 | H85: 1 | I85: 2 | J85: 1 | K85: 1 | L85: 2 | M85: 1 | N85: 1 | O85: 1 | P85: 1 | Q85: 0 | R85: 0 | S85: 1 | T85: 0 | U85: 1 | V85: 0 | W85: 2 | X85: 1
A86: ==样本清单!A86 -> M4_P1_04 | B86: ==样本清单!B86 -> M4 | C86: ==样本清单!C86 -> Reve 2.1 | D86: ==样本清单!D86 -> P1 | E86: ==样本清单!F86 -> 4 | F86: 0 | G86: 0 | H86: 1 | I86: 0 | J86: 1 | K86: 2 | L86: 2 | M86: 2 | N86: 1 | O86: 1 | P86: 0 | Q86: 0 | R86: 0 | S86: 1 | T86: 1 | U86: 2 | V86: 0 | W86: 2 | X86: 1
A87: ==样本清单!A87 -> M4_P1_05 | B87: ==样本清单!B87 -> M4 | C87: ==样本清单!C87 -> Reve 2.1 | D87: ==样本清单!D87 -> P1 | E87: ==样本清单!F87 -> 5 | F87: 1 | G87: 0 | H87: 0 | I87: 0 | J87: 1 | K87: 2 | L87: NA | M87: 2 | N87: 0 | O87: 1 | P87: 0 | Q87: 0 | R87: 0 | S87: 1 | T87: 2 | U87: 1 | V87: 0 | W87: 2 | X87: 2
A88: ==样本清单!A88 -> M4_P1_06 | B88: ==样本清单!B88 -> M4 | C88: ==样本清单!C88 -> Reve 2.1 | D88: ==样本清单!D88 -> P1 | E88: ==样本清单!F88 -> 6 | F88: 1 | G88: 0 | H88: 1 | I88: 1 | J88: 1 | K88: 2 | L88: 2 | M88: 2 | N88: 1 | O88: 2 | P88: 0 | Q88: 0 | R88: 0 | S88: 1 | T88: 1 | U88: 1 | V88: 1 | W88: 2 | X88: 2
A89: ==样本清单!A89 -> M4_P1_07 | B89: ==样本清单!B89 -> M4 | C89: ==样本清单!C89 -> Reve 2.1 | D89: ==样本清单!D89 -> P1 | E89: ==样本清单!F89 -> 7 | F89: 1 | G89: 1 | H89: 1 | I89: 1 | J89: 1 | K89: 2 | L89: 2 | M89: 2 | N89: NA | O89: 2 | P89: 0 | Q89: 0 | R89: 0 | S89: 1 | T89: 1 | U89: 2 | V89: 1 | W89: 2 | X89: 1
A90: ==样本清单!A90 -> M4_P1_08 | B90: ==样本清单!B90 -> M4 | C90: ==样本清单!C90 -> Reve 2.1 | D90: ==样本清单!D90 -> P1 | E90: ==样本清单!F90 -> 8 | F90: 2 | G90: 0 | H90: 1 | I90: 1 | J90: 1 | K90: 2 | L90: 2 | M90: 2 | N90: NA | O90: 1 | P90: 0 | Q90: 1 | R90: 0 | S90: 1 | T90: 1 | U90: 2 | V90: 2 | W90: 1 | X90: 1
A91: ==样本清单!A91 -> M4_P1_09 | B91: ==样本清单!B91 -> M4 | C91: ==样本清单!C91 -> Reve 2.1 | D91: ==样本清单!D91 -> P1 | E91: ==样本清单!F91 -> 9 | F91: 2 | G91: 0 | H91: 1 | I91: 1 | J91: 1 | K91: 2 | L91: 2 | M91: 2 | N91: NA | O91: 1 | P91: 0 | Q91: 0 | R91: 0 | S91: 2 | T91: 2 | U91: 2 | V91: 1 | W91: 2 | X91: 2
A92: ==样本清单!A92 -> M4_P2_01 | B92: ==样本清单!B92 -> M4 | C92: ==样本清单!C92 -> Reve 2.1 | D92: ==样本清单!D92 -> P2 | E92: ==样本清单!F92 -> 1 | F92: 1 | G92: 0 | H92: 1 | I92: 1 | J92: 2 | K92: 2 | L92: 2 | M92: 2 | N92: NA | O92: 2 | P92: 0 | Q92: 0 | R92: 0 | S92: 2 | T92: 0 | U92: 2 | V92: 1 | W92: 2 | X92: 1
A93: ==样本清单!A93 -> M4_P2_02 | B93: ==样本清单!B93 -> M4 | C93: ==样本清单!C93 -> Reve 2.1 | D93: ==样本清单!D93 -> P2 | E93: ==样本清单!F93 -> 2 | F93: 1 | G93: 1 | H93: 1 | I93: 0 | J93: 1 | K93: 2 | L93: 2 | M93: 2 | N93: NA | O93: 2 | P93: 0 | Q93: 0 | R93: 0 | S93: 2 | T93: 0 | U93: 1 | V93: 0 | W93: 2 | X93: 1
A94: ==样本清单!A94 -> M4_P2_03 | B94: ==样本清单!B94 -> M4 | C94: ==样本清单!C94 -> Reve 2.1 | D94: ==样本清单!D94 -> P2 | E94: ==样本清单!F94 -> 3 | F94: 1 | G94: 1 | H94: 2 | I94: 2 | J94: 2 | K94: 2 | L94: 2 | M94: 2 | N94: NA | O94: 2 | P94: 0 | Q94: 0 | R94: 0 | S94: 2 | T94: 1 | U94: 1 | V94: 1 | W94: 2 | X94: 1
A95: ==样本清单!A95 -> M4_P2_04 | B95: ==样本清单!B95 -> M4 | C95: ==样本清单!C95 -> Reve 2.1 | D95: ==样本清单!D95 -> P2 | E95: ==样本清单!F95 -> 4 | F95: 1 | G95: 1 | H95: 1 | I95: 0 | J95: 1 | K95: 2 | L95: 2 | M95: 2 | N95: NA | O95: 2 | P95: 0 | Q95: 0 | R95: 0 | S95: 2 | T95: 1 | U95: 1 | V95: 0 | W95: 2 | X95: 1
A96: ==样本清单!A96 -> M4_P2_05 | B96: ==样本清单!B96 -> M4 | C96: ==样本清单!C96 -> Reve 2.1 | D96: ==样本清单!D96 -> P2 | E96: ==样本清单!F96 -> 5 | F96: 1 | G96: 2 | H96: 1 | I96: 1 | J96: 1 | K96: 2 | L96: 2 | M96: 2 | N96: NA | O96: 2 | P96: 0 | Q96: 0 | R96: 0 | S96: 2 | T96: 1 | U96: 1 | V96: 0 | W96: 2 | X96: 1
A97: ==样本清单!A97 -> M4_P2_06 | B97: ==样本清单!B97 -> M4 | C97: ==样本清单!C97 -> Reve 2.1 | D97: ==样本清单!D97 -> P2 | E97: ==样本清单!F97 -> 6 | F97: 2 | G97: 0 | H97: 1 | I97: 2 | J97: 1 | K97: 2 | L97: 2 | M97: 2 | N97: NA | O97: 1 | P97: 0 | Q97: 1 | R97: 0 | S97: 1 | T97: 0 | U97: 0 | V97: 0 | W97: 2 | X97: 2
A98: ==样本清单!A98 -> M4_P2_07 | B98: ==样本清单!B98 -> M4 | C98: ==样本清单!C98 -> Reve 2.1 | D98: ==样本清单!D98 -> P2 | E98: ==样本清单!F98 -> 7 | F98: 1 | G98: 1 | H98: 2 | I98: 0 | J98: 2 | K98: 2 | L98: 2 | M98: 2 | N98: NA | O98: 2 | P98: 0 | Q98: 0 | R98: 0 | S98: 2 | T98: 1 | U98: 2 | V98: 0 | W98: 2 | X98: 1
A99: ==样本清单!A99 -> M4_P2_08 | B99: ==样本清单!B99 -> M4 | C99: ==样本清单!C99 -> Reve 2.1 | D99: ==样本清单!D99 -> P2 | E99: ==样本清单!F99 -> 8 | F99: 1 | G99: 0 | H99: 2 | I99: 2 | J99: 2 | K99: 2 | L99: 2 | M99: 2 | N99: NA | O99: 2 | P99: 0 | Q99: 0 | R99: 0 | S99: 2 | T99: 1 | U99: 2 | V99: 0 | W99: 2 | X99: 1
A100: ==样本清单!A100 -> M4_P2_09 | B100: ==样本清单!B100 -> M4 | C100: ==样本清单!C100 -> Reve 2.1 | D100: ==样本清单!D100 -> P2 | E100: ==样本清单!F100 -> 9 | F100: 1 | G100: 2 | H100: 1 | I100: 0 | J100: 2 | K100: 2 | L100: 2 | M100: 2 | N100: NA | O100: 2 | P100: 0 | Q100: 0 | R100: 0 | S100: 2 | T100: 1 | U100: 2 | V100: 0 | W100: 2 | X100: 1
A101: ==样本清单!A101 -> M4_P3_01 | B101: ==样本清单!B101 -> M4 | C101: ==样本清单!C101 -> Reve 2.1 | D101: ==样本清单!D101 -> P3 | E101: ==样本清单!F101 -> 1 | F101: 1 | G101: 0 | H101: 1 | I101: 1 | J101: 2 | K101: 2 | L101: 1 | M101: 1 | N101: 1 | O101: 2 | P101: 0 | Q101: 0 | R101: 1 | S101: 2 | T101: 2 | U101: 1 | V101: 1 | W101: 2 | X101: 1
A102: ==样本清单!A102 -> M4_P3_02 | B102: ==样本清单!B102 -> M4 | C102: ==样本清单!C102 -> Reve 2.1 | D102: ==样本清单!D102 -> P3 | E102: ==样本清单!F102 -> 2 | F102: 1 | G102: 2 | H102: 2 | I102: 1 | J102: 2 | K102: 2 | L102: 1 | M102: 2 | N102: 1 | O102: 2 | P102: 0 | Q102: 0 | R102: 1 | S102: 2 | T102: 2 | U102: 1 | V102: 1 | W102: 2 | X102: 1
A103: ==样本清单!A103 -> M4_P3_03 | B103: ==样本清单!B103 -> M4 | C103: ==样本清单!C103 -> Reve 2.1 | D103: ==样本清单!D103 -> P3 | E103: ==样本清单!F103 -> 3 | F103: 2 | G103: 1 | H103: 1 | I103: 2 | J103: 2 | K103: 2 | L103: 1 | M103: 1 | N103: 2 | O103: 2 | P103: 0 | Q103: 0 | R103: 1 | S103: 2 | T103: 2 | U103: 1 | V103: 1 | W103: 2 | X103: 2
A104: ==样本清单!A104 -> M4_P3_04 | B104: ==样本清单!B104 -> M4 | C104: ==样本清单!C104 -> Reve 2.1 | D104: ==样本清单!D104 -> P3 | E104: ==样本清单!F104 -> 4 | F104: 2 | G104: 2 | H104: 2 | I104: 1 | J104: 2 | K104: 2 | L104: 2 | M104: 1 | N104: 2 | O104: 2 | P104: 0 | Q104: 0 | R104: 1 | S104: 2 | T104: 2 | U104: 1 | V104: 2 | W104: 2 | X104: 2
A105: ==样本清单!A105 -> M4_P3_05 | B105: ==样本清单!B105 -> M4 | C105: ==样本清单!C105 -> Reve 2.1 | D105: ==样本清单!D105 -> P3 | E105: ==样本清单!F105 -> 5 | F105: 1 | G105: 1 | H105: 1 | I105: 1 | J105: 2 | K105: 2 | L105: 0 | M105: 2 | N105: 1 | O105: 2 | P105: 0 | Q105: 0 | R105: 1 | S105: 2 | T105: 2 | U105: 1 | V105: 1 | W105: 2 | X105: 2
...

Sheet 共识效标Y
A1: ImageID | B1: 模型代码 | C1: 模型名称 | D1: 提示条件 | E1: 重复序号 | F1: Y_A | G1: Y_B | H1: 共识Y | I1: A/B是否一致 | J1: 复核说明
A2: ==样本清单!A2 -> M1_P1_01 | B2: ==样本清单!B2 -> M1 | C2: ==样本清单!C2 -> ChatGPT Images 2.0 | D2: ==样本清单!D2 -> P1 | E2: ==样本清单!F2 -> 1 | F2: {==IF($A2="","",INDEX(编码员A!$F:$F,MATCH($A2,编码员A!$A:$A,0)))} -> 0 | G2: {==IF($A2="","",INDEX(编码员B!$F:$F,MATCH($A2,编码员B!$A:$A,0)))} -> 1 | H2: 0.5 | I2: ==IF(OR(F2="",G2=""),"",IF(F2=G2,1,0)) -> 0 | J2: 分歧：按预注册规则取均值（保留小数）
A3: ==样本清单!A3 -> M1_P1_02 | B3: ==样本清单!B3 -> M1 | C3: ==样本清单!C3 -> ChatGPT Images 2.0 | D3: ==样本清单!D3 -> P1 | E3: ==样本清单!F3 -> 2 | F3: {==IF($A3="","",INDEX(编码员A!$F:$F,MATCH($A3,编码员A!$A:$A,0)))} -> 0 | G3: {==IF($A3="","",INDEX(编码员B!$F:$F,MATCH($A3,编码员B!$A:$A,0)))} -> 0 | H3: 0 | I3: ==IF(OR(F3="",G3=""),"",IF(F3=G3,1,0)) -> 1 | J3: 两人一致，直接采纳
A4: ==样本清单!A4 -> M1_P1_03 | B4: ==样本清单!B4 -> M1 | C4: ==样本清单!C4 -> ChatGPT Images 2.0 | D4: ==样本清单!D4 -> P1 | E4: ==样本清单!F4 -> 3 | F4: {==IF($A4="","",INDEX(编码员A!$F:$F,MATCH($A4,编码员A!$A:$A,0)))} -> 1 | G4: {==IF($A4="","",INDEX(编码员B!$F:$F,MATCH($A4,编码员B!$A:$A,0)))} -> 0 | H4: 0.5 | I4: ==IF(OR(F4="",G4=""),"",IF(F4=G4,1,0)) -> 0 | J4: 分歧：按预注册规则取均值（保留小数）
A5: ==样本清单!A5 -> M1_P1_04 | B5: ==样本清单!B5 -> M1 | C5: ==样本清单!C5 -> ChatGPT Images 2.0 | D5: ==样本清单!D5 -> P1 | E5: ==样本清单!F5 -> 4 | F5: {==IF($A5="","",INDEX(编码员A!$F:$F,MATCH($A5,编码员A!$A:$A,0)))} -> 0 | G5: {==IF($A5="","",INDEX(编码员B!$F:$F,MATCH($A5,编码员B!$A:$A,0)))} -> 0 | H5: 0 | I5: ==IF(OR(F5="",G5=""),"",IF(F5=G5,1,0)) -> 1 | J5: 两人一致，直接采纳
A6: ==样本清单!A6 -> M1_P1_05 | B6: ==样本清单!B6 -> M1 | C6: ==样本清单!C6 -> ChatGPT Images 2.0 | D6: ==样本清单!D6 -> P1 | E6: ==样本清单!F6 -> 5 | F6: {==IF($A6="","",INDEX(编码员A!$F:$F,MATCH($A6,编码员A!$A:$A,0)))} -> 0 | G6: {==IF($A6="","",INDEX(编码员B!$F:$F,MATCH($A6,编码员B!$A:$A,0)))} -> 1 | H6: 0.5 | I6: ==IF(OR(F6="",G6=""),"",IF(F6=G6,1,0)) -> 0 | J6: 分歧：按预注册规则取均值（保留小数）
A7: ==样本清单!A7 -> M1_P1_06 | B7: ==样本清单!B7 -> M1 | C7: ==样本清单!C7 -> ChatGPT Images 2.0 | D7: ==样本清单!D7 -> P1 | E7: ==样本清单!F7 -> 6 | F7: {==IF($A7="","",INDEX(编码员A!$F:$F,MATCH($A7,编码员A!$A:$A,0)))} -> 0 | G7: {==IF($A7="","",INDEX(编码员B!$F:$F,MATCH($A7,编码员B!$A:$A,0)))} -> 1 | H7: 0.5 | I7: ==IF(OR(F7="",G7=""),"",IF(F7=G7,1,0)) -> 0 | J7: 分歧：按预注册规则取均值（保留小数）
A8: ==样本清单!A8 -> M1_P1_07 | B8: ==样本清单!B8 -> M1 | C8: ==样本清单!C8 -> ChatGPT Images 2.0 | D8: ==样本清单!D8 -> P1 | E8: ==样本清单!F8 -> 7 | F8: {==IF($A8="","",INDEX(编码员A!$F:$F,MATCH($A8,编码员A!$A:$A,0)))} -> 1 | G8: {==IF($A8="","",INDEX(编码员B!$F:$F,MATCH($A8,编码员B!$A:$A,0)))} -> 2 | H8: 1.5 | I8: ==IF(OR(F8="",G8=""),"",IF(F8=G8,1,0)) -> 0 | J8: 分歧：按预注册规则取均值（保留小数）
A9: ==样本清单!A9 -> M1_P1_08 | B9: ==样本清单!B9 -> M1 | C9: ==样本清单!C9 -> ChatGPT Images 2.0 | D9: ==样本清单!D9 -> P1 | E9: ==样本清单!F9 -> 8 | F9: {==IF($A9="","",INDEX(编码员A!$F:$F,MATCH($A9,编码员A!$A:$A,0)))} -> 1 | G9: {==IF($A9="","",INDEX(编码员B!$F:$F,MATCH($A9,编码员B!$A:$A,0)))} -> 1 | H9: 1 | I9: ==IF(OR(F9="",G9=""),"",IF(F9=G9,1,0)) -> 1 | J9: 两人一致，直接采纳
A10: ==样本清单!A10 -> M1_P1_09 | B10: ==样本清单!B10 -> M1 | C10: ==样本清单!C10 -> ChatGPT Images 2.0 | D10: ==样本清单!D10 -> P1 | E10: ==样本清单!F10 -> 9 | F10: {==IF($A10="","",INDEX(编码员A!$F:$F,MATCH($A10,编码员A!$A:$A,0)))} -> 0 | G10: {==IF($A10="","",INDEX(编码员B!$F:$F,MATCH($A10,编码员B!$A:$A,0)))} -> 1 | H10: 0.5 | I10: ==IF(OR(F10="",G10=""),"",IF(F10=G10,1,0)) -> 0 | J10: 分歧：按预注册规则取均值（保留小数）
A11: ==样本清单!A11 -> M1_P2_01 | B11: ==样本清单!B11 -> M1 | C11: ==样本清单!C11 -> ChatGPT Images 2.0 | D11: ==样本清单!D11 -> P2 | E11: ==样本清单!F11 -> 1 | F11: {==IF($A11="","",INDEX(编码员A!$F:$F,MATCH($A11,编码员A!$A:$A,0)))} -> 1 | G11: {==IF($A11="","",INDEX(编码员B!$F:$F,MATCH($A11,编码员B!$A:$A,0)))} -> 1 | H11: 1 | I11: ==IF(OR(F11="",G11=""),"",IF(F11=G11,1,0)) -> 1 | J11: 两人一致，直接采纳
A12: ==样本清单!A12 -> M1_P2_02 | B12: ==样本清单!B12 -> M1 | C12: ==样本清单!C12 -> ChatGPT Images 2.0 | D12: ==样本清单!D12 -> P2 | E12: ==样本清单!F12 -> 2 | F12: {==IF($A12="","",INDEX(编码员A!$F:$F,MATCH($A12,编码员A!$A:$A,0)))} -> 1 | G12: {==IF($A12="","",INDEX(编码员B!$F:$F,MATCH($A12,编码员B!$A:$A,0)))} -> 1 | H12: 1 | I12: ==IF(OR(F12="",G12=""),"",IF(F12=G12,1,0)) -> 1 | J12: 两人一致，直接采纳
A13: ==样本清单!A13 -> M1_P2_03 | B13: ==样本清单!B13 -> M1 | C13: ==样本清单!C13 -> ChatGPT Images 2.0 | D13: ==样本清单!D13 -> P2 | E13: ==样本清单!F13 -> 3 | F13: {==IF($A13="","",INDEX(编码员A!$F:$F,MATCH($A13,编码员A!$A:$A,0)))} -> 1 | G13: {==IF($A13="","",INDEX(编码员B!$F:$F,MATCH($A13,编码员B!$A:$A,0)))} -> 1 | H13: 1 | I13: ==IF(OR(F13="",G13=""),"",IF(F13=G13,1,0)) -> 1 | J13: 两人一致，直接采纳
... A163: ==样本清单!A163 -> M6_P3_09 | B163: ==样本清单!B163 -> M6 | C163: ==样本清单!C163 -> HunyuanImage-3.0 | D163: ==样本清单!D163 -> P3 | E163: ==样本清单!F163 -> 9 | F163: {==IF($A163="","",INDEX(编码员A!$F:$F,MATCH($A163,编码员A!$A:$A,0)))} -> 2 | G163: {==IF($A163="","",INDEX(编码员B!$F:$F,MATCH($A163,编码员B!$A:$A,0)))} -> 2 | H163: 2 | I163: ==IF(OR(F163="",G163=""),"",IF(F163=G163,1,0)) -> 1 | J163: 两人一致，直接采纳

Sheet 提示条件汇总
A1: 三类提示条件总体历史失真汇总
A3: 提示条件 | B3: 名称 | C3: Y=0 | D3: Y=0.5 | E3: Y=1 | F3: Y=1.5 | G3: Y=2 | H3: 有效N | I3: 2级失真比例 | J3: 均值Y | K3: 95%CI下限 | L3: 95%CI上限
A4: P1 | B4: 低约束基线 | C4: ==COUNTIFS(共识效标Y!$D$2:$D$163,$A4,共识效标Y!$H$2:$H$163,0) -> 3 | D4: ==COUNTIFS(共识效标Y!$D$2:$D$163,$A4,共识效标Y!$H$2:$H$163,0.5) -> 9 | E4: ==COUNTIFS(共识效标Y!$D$2:$D$163,$A4,共识效标Y!$H$2:$H$163,1) -> 10 | F4: ==COUNTIFS(共识效标Y!$D$2:$D$163,$A4,共识效标Y!$H$2:$H$163,1.5) -> 12 | G4: ==COUNTIFS(共识效标Y!$D$2:$D$163,$A4,共识效标Y!$H$2:$H$163,2) -> 20 | H4: ==SUM(C4:G4) -> 54 | I4: ==IF(H4=0,"",G4/H4) -> 0.37037037 | J4: ==IF(H4=0,"",(0.5*D4+E4+1.5*F4+2*G4)/H4) -> 1.3425926 | K4: 1.1711 | L4: 1.5141
A5: P2 | B5: 考据约束 | C5: ==COUNTIFS(共识效标Y!$D$2:$D$163,$A5,共识效标Y!$H$2:$H$163,0) -> 0 | D5: ==COUNTIFS(共识效标Y!$D$2:$D$163,$A5,共识效标Y!$H$2:$H$163,0.5) -> 0 | E5: ==COUNTIFS(共识效标Y!$D$2:$D$163,$A5,共识效标Y!$H$2:$H$163,1) -> 21 | F5: ==COUNTIFS(共识效标Y!$D$2:$D$163,$A5,共识效标Y!$H$2:$H$163,1.5) -> 17 | G5: ==COUNTIFS(共识效标Y!$D$2:$D$163,$A5,共识效标Y!$H$2:$H$163,2) -> 16 | H5: ==SUM(C5:G5) -> 54 | I5: ==IF(H5=0,"",G5/H5) -> 0.2962963 | J5: ==IF(H5=0,"",(0.5*D5+E5+1.5*F5+2*G5)/H5) -> 1.4537037 | K5: 1.343 | L5: 1.5644
A6: P3 | B6: 负向关系框架 | C6: ==COUNTIFS(共识效标Y!$D$2:$D$163,$A6,共识效标Y!$H$2:$H$163,0) -> 0 | D6: ==COUNTIFS(共识效标Y!$D$2:$D$163,$A6,共识效标Y!$H$2:$H$163,0.5) -> 1 | E6: ==COUNTIFS(共识效标Y!$D$2:$D$163,$A6,共识效标Y!$H$2:$H$163,1) -> 14 | F6: ==COUNTIFS(共识效标Y!$D$2:$D$163,$A6,共识效标Y!$H$2:$H$163,1.5) -> 13 | G6: ==COUNTIFS(共识效标Y!$D$2:$D$163,$A6,共识效标Y!$H$2:$H$163,2) -> 26 | H6: ==SUM(C6:G6) -> 54 | I6: ==IF(H6=0,"",G6/H6) -> 0.48148148 | J6: ==IF(H6=0,"",(0.5*D6+E6+1.5*F6+2*G6)/H6) -> 1.5925926 | K6: 1.4737 | L6: 1.7115
A9: 维度级结果（真实统计后填写） | B9: P1 | C9: P2 | D9: P3 | E9: 效应口径 | F9: P3 | G9: 效应口径 | H9: 说明
A10: D1 建筑与场景时代一致性 | B10: 1.528 | C10: 1.593 | D10: 1.852 | E10: 维度分均值（0—2） | F10: D1=f2；D5=f18为稳定指标口径；D2—D4按维度内全部原子指标均值
A11: D2 服饰、器物与武备 | B11: 1.253 | C11: 1.527 | D11: 1.586 | E11: 维度分均值（0—2）
A12: D3 族群身份与社会关系 | B12: 0.364 | C12: 0.377 | D12: 0.593 | E12: 维度分均值（0—2）
A13: D4 空间构图与历史视觉语法 | B13: 1.201 | C13: 1.442 | D13: 1.544 | E13: 维度分均值（0—2）
A14: D5 生成完整性与提示词遵循 | B14: 1.481 | C14: 1.528 | D14: 1.667 | E14: 维度分均值（0—2）
A15: 备注 | F15: 图3b使用本区数据。
A16: 维度分口径：D1—D5 均按第一轮编码A/B均值（保留小数、每图计一次）：D1=f2、D5=f18 单指标均值；D2—D4 为维度内全部原子指标均值。共识Y与维度分均保留精确小数（0.5/1.5 为独立取值，不四舍五入）。

Sheet 稳定性_留一
A1: 指标 | B1: 含义 | C1: Bootstrap选择频率πj | D1: 剔除M1 | E1: 剔除M2 | F1: 剔除M3 | G1: 剔除M4 | H1: 剔除M5 | I1: 剔除M6 | J1: 入选次数 | K1: π达标 | L1: 最终稳定
A2: f1 | B2: 屋顶、佛塔与比例 | C2: 0.273 | D2: 0 | E2: 0 | F2: 0 | G2: 1 | H2: 0 | I2: 1 | J2: ==SUM(D2:I2) -> 2 | K2: ==IF(C2="","",IF(C2>=0.6,"是","否")) -> 否 | L2: ==IF(OR(C2="",J2=""),"",IF(AND(C2>=0.6,J2>=5),"是","否")) -> 否
A3: f2 | B3: 城墙与门楼 | C3: 0.732 | D3: 0 | E3: 1 | F3: 1 | G3: 1 | H3: 1 | I3: 1 | J3: ==SUM(D3:I3) -> 5 | K3: ==IF(C3="","",IF(C3>=0.6,"是","否")) -> 是 | L3: ==IF(OR(C3="",J3=""),"",IF(AND(C3>=0.6,J3>=5),"是","否")) -> 是
A4: f3 | B4: 衣袍领型 | C4: 0.308 | D4: 0 | E4: 0 | F4: 0 | G4: 0 | H4: 1 | I4: 0 | J4: ==SUM(D4:I4) -> 1 | K4: ==IF(C4="","",IF(C4>=0.6,"是","否")) -> 否 | L4: ==IF(OR(C4="",J4=""),"",IF(AND(C4>=0.6,J4>=5),"是","否")) -> 否
A5: f4 | B5: 腰带配件 | C5: 0.112 | D5: 0 | E5: 0 | F5: 0 | G5: 0 | H5: 0 | I5: 0 | J5: ==SUM(D5:I5) -> 0 | K5: ==IF(C5="","",IF(C5>=0.6,"是","否")) -> 否 | L5: ==IF(OR(C5="",J5=""),"",IF(AND(C5>=0.6,J5>=5),"是","否")) -> 否
A6: f5 | B6: 头饰须发 | C6: 0.178 | D6: 1 | E6: 0 | F6: 0 | G6: 0 | H6: 0 | I6: 0 | J6: ==SUM(D6:I6) -> 1 | K6: ==IF(C6="","",IF(C6>=0.6,"是","否")) -> 否 | L6: ==IF(OR(C6="",J6=""),"",IF(AND(C6>=0.6,J6>=5),"是","否")) -> 否
A7: f6 | B7: 书籍家具 | C7: 0.208 | D7: 0 | E7: 1 | F7: 0 | G7: 0 | H7: 0 | I7: 0 | J7: ==SUM(D7:I7) -> 1 | K7: ==IF(C7="","",IF(C7>=0.6,"是","否")) -> 否 | L7: ==IF(OR(C7="",J7=""),"",IF(AND(C7>=0.6,J7>=5),"是","否")) -> 否
A8: f7 | B8: 饮食贸易器皿 | C8: 0.01 | D8: 0 | E8: 0 | F8: 0 | G8: 0 | H8: 0 | I8: 0 | J8: ==SUM(D8:I8) -> 0 | K8: ==IF(C8="","",IF(C8>=0.6,"是","否")) -> 否 | L8: ==IF(OR(C8="",J8=""),"",IF(AND(C8>=0.6,J8>=5),"是","否")) -> 否
A9: f8 | B9: 兵器铠甲 | C9: 0.141 | D9: 0 | E9: 0 | F9: 0 | G9: 0 | H9: 0 | I9: 0 | J9: ==SUM(D9:I9) -> 0 | K9: ==IF(C9="","",IF(C9>=0.6,"是","否")) -> 否 | L9: ==IF(OR(C9="",J9=""),"",IF(AND(C9>=0.6,J9>=5),"是","否")) -> 否
A10: f9 | B10: 马匹马具车辆 | C10: 0.076 | D10: 0 | E10: 0 | F10: 0 | G10: 0 | H10: 0 | I10: 0 | J10: ==SUM(D10:I10) -> 0 | K10: ==IF(C10="","",IF(C10>=0.6,"是","否")) -> 否 | L10: ==IF(OR(C10="",J10=""),"",IF(AND(C10>=0.6,J10>=5),"是","否")) -> 否
A11: f10 | B11: 具体身份可辨识度 | C11: 0.092 | D11: 0 | E11: 0 | F11: 0 | G11: 0 | H11: 0 | I11: 0 | J11: ==SUM(D11:I11) -> 0 | K11: ==IF(C11="","",IF(C11>=0.6,"是","否")) -> 否 | L11: ==IF(OR(C11="",J11=""),"",IF(AND(C11>=0.6,J11>=5),"是","否")) -> 否
A12: f11 | B12: 族群标签化 | C12: 0.203 | D12: 0 | E12: 0 | F12: 1 | G12: 0 | H12: 0 | I12: 0 | J12: ==SUM(D12:I12) -> 1 | K12: ==IF(C12="","",IF(C12>=0.6,"是","否")) -> 否 | L12: ==IF(OR(C12="",J12=""),"",IF(AND(C12>=0.6,J12>=5),"是","否")) -> 否
A13: f12 | B13: 社会身份与互动 | C13: 0.251 | D13: 0 | E13: 1 | F13: 0 | G13: 1 | H13: 0 | I13: 0 | J13: ==SUM(D13:I13) -> 2 | K13: ==IF(C13="","",IF(C13>=0.6,"是","否")) -> 否 | L13: ==IF(OR(C13="",J13=""),"",IF(AND(C13>=0.6,J13>=5),"是","否")) -> 否
... A19: f18 | B19: 提示词遵循度 | C19: 0.995 | D19: 1 | E19: 1 | F19: 1 | G19: 1 | H19: 1 | I19: 1 | J19: ==SUM(D19:I19) -> 6 | K19: ==IF(C19="","",IF(C19>=0.6,"是","否")) -> 是 | L19: ==IF(OR(C19="",J19=""),"",IF(AND(C19>=0.6,J19>=5),"是","否")) -> 是
A21: 方法：特征=编码员A/B 原子指标均值（NA→0，保留小数）；目标=共识效标Y（保留小数）；回归CART（树深≤3，叶节点≥15，random_state=0）；10000 次模型分层 Bootstrap（种子 20260824）；留一模型每次剔除27张保留135张。全数据最终树：树深3、终端节点6。稳定判据：π≥0.60 且六次留一至少5次入选。

Sheet 维度_Kappa
A1: 最终维度与编码者间信度填写区
A3: 总体效标Y信度 | B3: 值 | C3: CI下限 | D3: CI上限
A4: 线性加权Kappa | B4: 0.46 | C4: 0.346 | D4: 0.568
A5: 说明 | B5: 两名专家讨论前独立评分；共识Y仅用于维度筛选。
A6: 提示 | B6: Kappa及CI由R/Python统计后粘贴黄色单元格。
A9: 最终维度 | B9: 稳定原子指标 | C9: π范围 | D9: 留一模型入选次数 | E9: 有效N | F9: 线性加权κg | G9: CI下限 | H9: CI上限 | I9: 备注
A10: D1 建筑与场景时代一致性 | B10: f2 | C10: 0.273—0.732 | D10: 2—5 | E10: 162 | F10: 0.579 | G10: 0.476 | H10: 0.676 | I10: 稳定指标：f2
A11: D2 服饰、器物与武备 | B11: 无达标指标 | C11: 0.010—0.308 | D11: 0—1 | E11: 162 | F11: 0.649 | G11: 0.61 | H11: 0.686 | I11: κg按维度内全部原子指标计算
A12: D3 族群身份与社会关系 | B12: 无达标指标 | C12: 0.092—0.251 | D12: 0—2 | E12: 162 | F12: 0.788 | G12: 0.742 | H12: 0.831 | I12: κg按维度内全部原子指标计算
A13: D4 空间构图与历史视觉语法 | B13: 无达标指标 | C13: 0.081—0.539 | D13: 0—4 | E13: 162 | F13: 0.407 | G13: 0.35 | H13: 0.462 | I13: κg按维度内全部原子指标计算
A14: D5 生成完整性与提示词遵循 | B14: f18 | C14: 0.051—0.995 | D14: 0—6 | E14: 162 | F14: 0.535 | G14: 0.419 | H14: 0.64 | I14: 稳定指标：f18
A15: 微观合并综合（2828对） | B15: — | C15: — | D15: — | E15: 162 | F15: 0.671 | G15: 0.65 | H15: 0.692 | I15: κpool为全部2828个图像×指标对池化后的标准线性加权Kappa，仅为总体一致性描述，不能替代分维度κg。
A17: 口径：κg 按维度内全部原子指标的图像×指标对合并计算（D1=f2、D5=f18 单指标，等价）；95%CI 为 2000 次单元内分层 Bootstrap（种子 20260824）百分位区间；Krippendorff α 采用区间度量。全部仅依赖编码员A/B 原始评分。

Sheet 正文填数索引
A1: 编号 | B1: 正文/图表字段 | C1: 应填内容 | D1: 来源位置 | E1: 当前值/公式 | F1: 状态 | G1: 备注
A2: 1 | B2: 实际失败次数 | C2: 失败/拒绝且按预注册规则补足的次数 | D2: 样本清单!I2:I163 | E2: {==IF(COUNTIF(样本清单!I2:I163,"失败/拒绝")=0,"",COUNTIF(样本清单!I2:I163,"失败/拒绝"))} | F2: 自动 | G2: 未填写生成状态时保持空白。
A3: 2 | B3: 总体专家Y Kappa | C3: 线性加权Kappa | D3: 维度_Kappa!B4 | E3: ==IF(维度_Kappa!B4="","",维度_Kappa!B4) -> 0.46 | F3: 链接
A4: 3 | B4: 总体专家Y 95% CI下限 | C4: CI下限 | D4: 维度_Kappa!C4 | E4: ==IF(维度_Kappa!C4="","",维度_Kappa!C4) -> 0.346 | F4: 链接
A5: 4 | B5: 总体专家Y 95% CI上限 | C5: CI上限 | D5: 维度_Kappa!D4 | E5: ==IF(维度_Kappa!D4="","",维度_Kappa!D4) -> 0.568 | F5: 链接
A6: 5 | B6: 稳定原子指标数量 | C6: 满足π≥0.60且6次留一≥5次的指标数 | D6: 稳定性_留一!L2:L19 | E6: {==IF(COUNTIF(稳定性_留一!L2:L19,"是")=0,"",COUNTIF(稳定性_留一!L2:L19,"是"))} -> 2 | F6: 自动
A7: 6 | B7: 选择频率较高指标及πj | C7: 正文列出若干最高指标 | D7: 稳定性_留一!A:C | E7: f18（π=0.995）；f2（π=0.732） | F7: 手工 | G7: 建议按πj降序选3—5项
A8: 7 | B8: 最终维度数量 | C8: 稳定指标归并后的维度数 | D8: 维度_Kappa!A10:A14 | E8: 2 | F8: 手工 | G8: 真实稳定性分析后锁定
A9: 8 | B9: 最终树深 | C9: CART输出 | D9: 统计程序 | E9: 3 | F9: 手工
A10: 9 | B10: 终端节点数 | C10: CART输出 | D10: 统计程序 | E10: 6 | F10: 手工
A11: 10 | B11: P1 2级总体失真比例 | C11: Y=2/N | D11: 提示条件汇总!I4 | E11: ==IF(提示条件汇总!I4="","",提示条件汇总!I4) -> 0.37037037 | F11: 自动
A12: 11 | B12: P2 2级总体失真比例 | C12: Y=2/N | D12: 提示条件汇总!I5 | E12: ==IF(提示条件汇总!I5="","",提示条件汇总!I5) -> 0.2962963 | F12: 自动
A13: 12 | B13: P3 2级总体失真比例 | C13: Y=2/N | D13: 提示条件汇总!I6 | E13: ==IF(提示条件汇总!I6="","",提示条件汇总!I6) -> 0.48148148 | F13: 自动
A14: 13 | B14: 建筑比例/器物年代等πj | C14: 正文机制段落使用 | D14: 稳定性_留一!C:C | E14: f2城墙与门楼 π=0.732 | F14: 手工 | G14: 按真实入选结果决定写哪些
A15: 14 | B15: 族群标签化πj | C15: f11选择频率 | D15: 稳定性_留一!C12 | E15: ==IF(稳定性_留一!C12="","",稳定性_留一!C12) -> 0.203 | F15: 链接 | G15: f11位于第12行
A16: 15 | B16: D4 Kappa | C16: 空间构图与历史视觉语法κ | D16: 维度_Kappa!F13 | E16: ==IF(维度_Kappa!F13="","",维度_Kappa!F13) -> 0.407 | F16: 链接
A17: 16 | B17: D4 95% CI下限 | C17: D4 CI下限 | D17: 维度_Kappa!G13 | E17: ==IF(维度_Kappa!G13="","",维度_Kappa!G13) -> 0.35 | F17: 链接
A18: 17 | B18: D4 95% CI上限 | C18: D4 CI上限 | D18: 维度_Kappa!H13 | E18: ==IF(维度_Kappa!H13="","",维度_Kappa!H13) -> 0.462 | F18: 链接
A19: 18 | B19: P1→P2 2级失真变化 | C19: P2比例-P1比例 | D19: 提示条件汇总!I4:I5 | E19: ==IF(OR(提示条件汇总!I4="",提示条件汇总!I5=""),"",提示条件汇总!I5-提示条件汇总!I4) -> -0.074074074 | F19: 自动 | G19: 负值=下降
A20: 19 | B20: P2→P3 2级失真变化 | C20: P3比例-P2比例 | D20: 提示条件汇总!I5:I6 | E20: ==IF(OR(提示条件汇总!I5="",提示条件汇总!I6=""),"",提示条件汇总!I6-提示条件汇总!I5) -> 0.18518519 | F20: 自动 | G20: 正值=上升
A21: 20 | B21: κpool（微观合并） | C21: 全部图像×指标对池化后的总体一致性（标准线性加权Kappa） | D21: 维度_Kappa!F15 | E21: ==IF(维度_Kappa!F15="","",维度_Kappa!F15) -> 0.671 | F21: 链接
A22: 21 | B22: κpool CI下限 | C22: 95% CI下限 | D22: 维度_Kappa!G15 | E22: ==IF(维度_Kappa!G15="","",维度_Kappa!G15) -> 0.65 | F22: 链接
A23: 22 | B23: κpool CI上限 | C23: 95% CI上限 | D23: 维度_Kappa!H15 | E23: ==IF(维度_Kappa!H15="","",维度_Kappa!H15) -> 0.692 | F23: 链接
A24: 23 | B24: 研究伦理自查编号 | C24: 伦理审批/自查编号 | D24: 研究记录 | E24: （ ） | F24: 手工 | G24: 如期刊要求提供

Sheet 提示词全文
A1: 条件 | B1: 名称 | C1: 完整英文提示词（实际投喂文本） | D1: 每模型n | E1: 全条件N
A2: P1 | B2: 低约束基线 | C2: Tang dynasty, a Han Chinese scholar and a Sogdian merchant meeting at a Silk Road frontier post, both figures shown in the same scene, with surrounding architecture, a caravan, horses, and everyday objects visible, Tang-dynasty mural painting style. | D2: 9 | E2: 54
A3: P2 | B3: 考据约束 | C3: Tang dynasty, a Han Chinese scholar and a Sogdian merchant meeting at a Silk Road frontier post, both figures shown in the same scene, with surrounding architecture, a caravan, horses, and everyday objects visible. Use historically grounded Tang-period clothing, headwear, belts, low furniture, scroll-format books, vessels, architecture, horse tack, and caravan equipment. Convey the Sogdian merchant’s identity through period-appropriate dress, occupation, and trade context rather than exaggerated facial features or skin color. Tang-dynasty mural painting style. | D3: 9 | E3: 54
A4: P3 | B4: 负向关系框架 | C4: Tang dynasty, a Han Chinese scholar and a Sogdian merchant at a Silk Road frontier post, with surrounding architecture, a caravan, horses, guards, and everyday objects visible. A tense confrontation has arisen over caravan passage and trade inspection; show guarded gestures, defensive postures, and social tension, without depicting either group as inherently savage or culturally inferior. Use historically grounded Tang-period clothing, headwear, belts, vessels, architecture, weapons, armor, horse tack, and caravan equipment. Convey historical identities through period-appropriate material culture and social context rather than exaggerated facial features or skin color. Tang-dynasty mural painting style. | D4: 9 | E4: 54
